id,Shape_Leng,Shape_Area,num_occurrences,PA_count,RoadLength,RoadDensity,GDP,TravelTime,Elevation,n_total,n_in_pa,pa_ratio,topographic_roughness,mean_pop,region,sampling_effort
570,110.2077619,82.15854469,7,0,177.0387469,0.283261995,0.302615031,69.58009709,237.7614573,7,0,0,26.63318825,326.1665344,2,1
571,110.2077619,82.15854469,3,0,252.0323826,0.403251812,0.048447867,110.0793651,594.8985684,3,0,0,64.98484039,108.0915909,2,1
572,110.2077619,82.15854469,23,0,299.294053,0.478870485,0.051195391,151.6847826,779.9614293,23,0,0,96.92188263,91.0858078,2,1
574,110.2077619,82.15854469,99,0,226.714526,0.362743242,0.362355239,58.87901235,792.7202969,99,0,0,97.89562988,218.6661072,1,1
575,110.2077619,82.15854469,4,0,234.0820665,0.374531306,0.047379965,105.5962963,1138.187919,4,0,0,103.4122391,78.58498383,1,1
576,110.2077619,82.15854469,3,0,151.3304188,0.24212867,0.038758366,135.3684834,1320.437047,3,0,0,92.99747467,114.73806,1,1
577,110.2077619,82.15854469,68,1,143.5788244,0.229726119,0.059472427,78.63447433,1381.988563,68,0,0,88.73892975,172.378418,1,1
578,110.2077619,82.15854469,65,0,134.7192142,0.215550743,0.793363374,42.41851852,1267.480993,65,0,0,93.16871643,414.7566833,1,1
579,110.2077619,82.15854469,23,0,52.1718983,0.083475037,0.415732989,57.04691358,534.9482673,23,0,0,73.31320953,277.2660522,1,1
582,110.2077619,82.15854469,17,0,29.40832151,0.047053314,0.390866196,113.9914842,892.9018285,17,0,0,95.96580505,140.9076691,1,1
583,110.2077619,82.15854469,78,0,172.9245666,0.276679307,0.891540028,55.08765432,1292.76739,78,0,0,111.25177,154.8058624,1,1
584,110.2077619,82.15854469,1,0,0,0,0.028796345,388.8290283,1681.688052,1,0,0,128.621582,17.7461853,1,1
585,110.2077619,82.15854469,18,2,113.4081173,0.181452988,0.02261116,346.2031824,948.7457267,18,0,0,115.1139679,55.17879486,1,1
586,110.2077619,82.15854469,25,2,95.70740485,0.153131848,0.047155284,224.047619,815.6495127,25,6,0.24,71.63231659,64.43758392,1,1
589,110.2077619,82.15854469,20,2,0,0,0.012301088,281.5184275,632.1258774,20,11,0.55,96.86694336,22.12679672,1,1
590,110.2077619,82.15854469,18,3,20.51380888,0.032822094,0.025860601,162.6375921,720.119176,18,0,0,90.66598511,79.81910706,1,1
591,110.2077619,82.15854469,13,1,118.9996068,0.190399371,0.158007541,133.485258,716.7800863,13,0,0,82.46971893,252.8309479,1,1
592,110.2077619,82.15854469,11,3,140.7465812,0.22519453,0.154014593,105.970516,407.0606438,11,0,0,41.2675705,270.8911133,1,1
670,110.2077619,82.15854469,14,0,190.4902882,0.304784461,0.248446115,76.82345679,232.380856,14,0,0,30.63734436,276.6358948,2,1
672,110.2077619,82.15854469,24,0,202.0831161,0.323332986,0.129528883,70.8854041,657.2430817,24,0,0,62.81061935,133.2055511,2,1
674,110.2077619,82.15854469,2,0,369.342356,0.59094777,0.090094029,154.917284,977.2002262,2,0,0,118.0828629,97.06981659,2,1
675,110.2077619,82.15854469,10,0,329.0873066,0.526539691,0.09281467,219.5878136,1215.324294,10,0,0,101.4985352,108.6680527,2,1
676,110.2077619,82.15854469,12,0,318.1563018,0.509050083,0.071222983,220.5444444,1639.570724,12,0,0,99.88488007,94.6443634,2,1
677,110.2077619,82.15854469,88,0,379.1854862,0.606696778,0.083748024,124.9358025,1025.267089,88,0,0,91.42131042,99.29383087,2,1
678,110.2077619,82.15854469,55,0,319.3074929,0.510891989,0.066482832,112.3325243,1655.816776,55,0,0,94.06076813,122.918396,1,1
679,110.2077619,82.15854469,3,0,195.112738,0.312180381,0.096870693,143.5674362,1408.337241,3,0,0,104.1719742,141.8219299,1,1
680,110.2077619,82.15854469,53,1,87.16767417,0.139468279,0.044041256,166.9343066,2455.903045,53,0,0,110.137291,106.5342865,1,1
681,110.2077619,82.15854469,76,0,135.5769256,0.216923081,0.695409271,36.9617284,1276.27747,76,0,0,112.3814392,354.4152832,1,1
682,110.2077619,82.15854469,97,0,93.33365539,0.149333849,0.811741357,22.90240964,1084.944472,97,0,0,107.4272995,512.7788086,1,1
683,110.2077619,82.15854469,29,1,49.52805565,0.079244889,0.118298732,174.9599028,1699.896196,29,0,0,110.4099045,232.1393433,1,1
684,110.2077619,82.15854469,3,1,3.940981977,0.006305571,0.011134865,517.362963,2088.881688,3,0,0,116.6325302,52.74224854,1,1
686,110.2077619,82.15854469,19,0,130.4148851,0.208663816,0.182387777,167.1836983,2666.182572,19,0,0,118.6977158,55.12852859,1,1
687,110.2077619,82.15854469,6,1,65.82805164,0.105324883,0.007727843,485.453106,2734.25478,6,0,0,111.4034271,55.72428131,1,1
688,110.2077619,82.15854469,17,2,150.0309243,0.240049479,0.007264495,311.6646116,1650.096087,17,4,0.235294118,115.9585037,44.52418137,1,1
689,110.2077619,82.15854469,11,2,7.770648542,0.012433038,0.002631471,667.2490842,2140.194585,11,2,0.181818182,130.9794464,32.78167725,1,1
690,110.2077619,82.15854469,84,4,168.9937966,0.270390075,0.005311902,560.1025641,1680.036876,84,74,0.880952381,123.4382324,23.15819359,1,1
691,110.2077619,82.15854469,50,3,252.5460159,0.404073625,0.023321791,438.5501222,1580.285158,50,32,0.64,124.3678894,29.61856842,1,1
692,110.2077619,82.15854469,7,1,0,0,0.005651,572.7300613,1707.673185,7,0,0,136.4664154,14.56438637,1,1
693,110.2077619,82.15854469,8,0,2.845516853,0.004552827,0.036577744,264.0709914,1152.72978,8,0,0,148.5181122,27.36724281,1,1
694,110.2077619,82.15854469,9,0,62.23512329,0.099576197,0.042622648,181.2622549,1717.942639,9,0,0,132.5093384,43.08764267,1,1
695,110.2077619,82.15854469,1,2,0,0,0.003727466,512.5300613,2242.637999,1,0,0,134.7999878,16.36828804,1,1
696,110.2077619,82.15854469,6,2,35.61412843,0.056982605,0.007866642,359.8759214,1722.167188,6,0,0,126.5505524,30.39142609,1,1
697,110.2077619,82.15854469,4,0,90.72768863,0.145164302,0.001555352,330.6174662,1728.783429,4,0,0,110.3242188,26.74213219,1,1
698,110.2077619,82.15854469,17,0,127.8130835,0.204500934,0.004295625,252.698647,949.6249526,17,0,0,90.31085205,100.4309387,1,1
699,110.2077619,82.15854469,39,0,8.444140331,0.013510625,0.007107138,333.399754,339.3302425,39,0,0,46.91035843,83.55265045,1,1
700,110.2077619,82.15854469,36,0,56.80777542,0.090892441,0.004241445,433.7343173,568.610719,36,0,0,70.30687714,64.99121857,1,1
702,110.2077619,82.15854469,25,0,18.79819821,0.030077117,0.289194175,89.51970443,306.5185088,25,0,0,49.64254761,385.8992004,1,1
769,110.2077619,82.15854469,14,3,100.4573869,0.160731819,0.02767636,73.83373786,265.8394234,14,12,0.857142857,22.97093582,465.491333,2,1
771,110.2077619,82.15854469,127,2,135.2051874,0.2163283,0.602729368,44.01476015,479.1984284,127,39,0.307086614,31.38704681,472.7503662,2,1
772,110.2077619,82.15854469,33,0,193.2736535,0.309237846,0.055290131,46.7508982,649.9316544,33,0,0,67.84362793,120.3238602,2,1
773,110.2077619,82.15854469,3,0,267.457543,0.427932069,0.03999188,82.8392638,859.4750709,3,0,0,93.83789825,73.72016907,2,1
774,110.2077619,82.15854469,3,0,318.5442523,0.509670804,0.03652017,79.96419753,1109.975383,3,0,0,108.0116959,89.76721954,2,1
775,110.2077619,82.15854469,12,0,284.181071,0.454689714,0.09435299,85.7004717,1049.162879,12,0,0,102.6177063,111.4717331,2,1
776,110.2077619,82.15854469,7,0,304.7916986,0.487666718,0.05530243,143.4308642,1500.920016,7,0,0,115.8497009,103.7512894,2,1
777,110.2077619,82.15854469,15,0,354.5268322,0.567242931,0.073964367,191.2617284,2050.298837,15,0,0,105.90242,108.6290131,2,1
778,110.2077619,82.15854469,2,0,304.8062726,0.487690036,0.033147272,285.7586619,1621.173878,2,0,0,115.9742126,99.72727966,2,1
779,110.2077619,82.15854469,1,1,301.429987,0.482287979,0.017938559,348.6037037,2119.665666,1,0,0,132.3995361,66.27337646,2,1
780,110.2077619,82.15854469,113,1,364.3895365,0.583023258,0.080396276,160.1197531,996.1394966,113,0,0,92.63191223,135.4134216,1,1
781,110.2077619,82.15854469,89,0,165.4024659,0.264643945,0.028172805,304.130227,2206.280449,89,0,0,120.6405411,69.37265778,1,1
782,110.2077619,82.15854469,77,1,140.7984474,0.225277516,0.054217265,288.8123457,1814.127956,77,9,0.116883117,121.4759598,127.1199493,1,1
783,110.2077619,82.15854469,55,2,28.22761525,0.045164184,0.009738868,453.0742996,2833.01707,55,18,0.327272727,136.6725159,52.71823883,1,1
784,110.2077619,82.15854469,25,1,59.94548869,0.095912782,0.104312114,164.6291866,2264.721685,25,1,0.04,131.7975006,194.7598267,1,1
785,110.2077619,82.15854469,74,0,84.85324662,0.135765195,0.478885203,109.5326757,1710.858565,74,0,0,115.8720551,361.6321411,1,1
786,110.2077619,82.15854469,57,1,187.993912,0.300790259,0.06480843,117.0452323,3272.740946,57,0,0,123.0575409,63.48819733,1,1
787,110.2077619,82.15854469,1,2,173.7423061,0.27798769,0.002018464,326.4975845,3605.061004,1,0,0,111.9236145,21.13019753,1,1
788,110.2077619,82.15854469,8,2,131.3437802,0.210150048,0.165124416,195.0892421,3406.718863,8,0,0,103.8213577,75.35669708,1,1
789,110.2077619,82.15854469,20,0,251.2867437,0.40205879,0.453955569,58.3607362,2921.24796,20,0,0,98.91363525,128.9908447,1,1
790,110.2077619,82.15854469,2,1,45.41850089,0.072669601,0.107154172,218.3159806,3073.063768,2,1,0.5,104.5296326,303.3463745,1,1
791,110.2077619,82.15854469,21,4,64.88156447,0.103810503,0.011547571,223.2959805,2156.4499,21,11,0.523809524,121.1148148,48.17778015,1,1
792,110.2077619,82.15854469,21,2,59.18919937,0.094702719,0.007577416,585.6683047,3144.501585,21,11,0.523809524,130.7543793,21.15678787,1,1
793,110.2077619,82.15854469,45,3,162.5157919,0.260025267,0.012190665,390.9634592,2318.488048,45,21,0.466666667,138.6670074,47.54489899,1,1
794,110.2077619,82.15854469,6,2,150.9290485,0.241486478,0.009567343,563.7057387,3107.137045,6,2,0.333333333,124.3077545,14.68032169,1,1
795,110.2077619,82.15854469,38,3,10.48758235,0.016780132,0.004536101,436.1713586,2557.997507,38,21,0.552631579,126.3464432,12.23809528,1,1
796,110.2077619,82.15854469,52,3,24.66169489,0.039458712,0.097144486,271.7591687,1728.384259,52,0,0,129.9274292,52.73443985,1,1
797,110.2077619,82.15854469,43,1,54.67821366,0.087485142,0.111385546,231.3157895,1911.84989,43,0,0,125.0125427,58.08415222,1,1
798,110.2077619,82.15854469,15,2,0,0,0.02740106,411.9840686,2939.497719,15,5,0.333333333,119.659874,26.31580353,1,1
799,110.2077619,82.15854469,5,2,23.89561063,0.038232977,0.012529294,447.7386503,3358.123241,5,3,0.6,110.5902405,3.520189285,1,1
800,110.2077619,82.15854469,14,0,175.3934064,0.28062945,0.057715615,187.6818182,2336.891577,14,0,0,115.3609619,47.09159851,1,1
801,110.2077619,82.15854469,15,0,266.0232043,0.425637127,0.145703012,235.1835985,1652.702013,15,0,0,117.7364197,71.17280579,1,1
804,110.2077619,82.15854469,1,0,71.12542525,0.11380068,0.002748469,258.3205919,1670.602352,1,0,0,87.57795715,35.25909042,1,1
805,110.2077619,82.15854469,2,0,58.48206983,0.093571312,0.090419152,229.5745993,1300.730948,2,0,0,97.68076324,51.11500931,1,1
806,110.2077619,82.15854469,53,0,94.71894143,0.151550306,0.450915874,118.3987654,494.6829752,53,0,0,67.11680603,339.9713135,1,1
870,110.2077619,82.15854469,14,3,168.5981282,0.269757005,0.127401117,63.24420024,232.21662,14,1,0.071428571,29.50742531,279.8742371,2,1
871,110.2077619,82.15854469,91,3,119.3955499,0.19103288,0.400599794,53.67270531,198.6223114,91,74,0.813186813,12.42267323,597.571106,2,1
872,110.2077619,82.15854469,348,4,134.9032301,0.215845168,0.992689862,39.28850856,246.3049944,348,256,0.735632184,10.87327099,965.4737549,2,1
873,110.2077619,82.15854469,20,5,139.1870701,0.222699312,0.132644648,50.84428224,532.8931123,20,15,0.75,55.07101822,228.4297028,2,1
874,110.2077619,82.15854469,37,1,235.8788745,0.377406199,0.045127553,41.83675937,1237.746565,37,1,0.027027027,110.3664017,106.541687,2,1
876,110.2077619,82.15854469,165,0,757.3469956,1.211755193,1.448049166,17.19567827,1667.467474,165,0,0,77.09378052,1280.305908,2,1
877,110.2077619,82.15854469,18,0,235.2760404,0.376441665,0.108462216,34.79436965,1220.513554,18,0,0,96.34203339,172.8450623,2,1
878,110.2077619,82.15854469,29,0,246.9400202,0.395104032,0.070593868,77.37897311,1807.000168,29,0,0,98.21549225,137.1207275,2,1
879,110.2077619,82.15854469,30,2,276.1650606,0.441864097,0.099812208,123.0837321,2159.21107,30,5,0.166666667,102.3863831,108.7181854,2,1
880,110.2077619,82.15854469,46,1,194.2027542,0.310724407,0.020499588,222.4234568,3179.080012,46,8,0.173913043,121.6420822,50.71523666,2,1
881,110.2077619,82.15854469,50,3,219.46646,0.351146336,0.017661678,389.1003584,3049.423344,50,18,0.36,142.5090332,70.20721436,2,1
882,110.2077619,82.15854469,3,2,54.07855409,0.086525687,0.001933206,785.8419753,3485.958569,3,3,1,154.4255676,41.06197739,2,1
883,110.2077619,82.15854469,159,2,213.7783565,0.34204537,0.017050217,510.1950617,2271.126766,159,101,0.635220126,134.7025452,49.70951843,2,1
884,110.2077619,82.15854469,47,1,80.3235617,0.128517699,0.002363287,725.0011947,3424.766437,47,0,0,151.6260376,32.26550674,1,1
885,110.2077619,82.15854469,65,1,132.1924937,0.21150799,0.008433987,767.9493827,3459.945724,65,63,0.969230769,140.1130524,42.8927002,1,1
886,110.2077619,82.15854469,18,2,16.82021611,0.026912346,0.001758236,512.0763723,4751.120508,18,18,1,144.2639465,8.56556797,1,1
887,110.2077619,82.15854469,1,2,32.70033884,0.052320542,0.001173648,516.6019536,4556.468057,1,1,1,155.5133209,4.058538914,1,1
888,110.2077619,82.15854469,177,1,169.3247089,0.270919534,0.008638919,329.5012255,2792.110828,177,4,0.02259887,150.6095581,78.84159088,1,1
889,110.2077619,82.15854469,12,0,236.0222653,0.377635625,0.00582641,290.7382953,3863.253986,12,0,0,137.2604523,79.24068451,1,1
890,110.2077619,82.15854469,50,1,207.067246,0.331307594,0.010710767,184.5842558,4284.993326,50,0,0,106.4622345,75.95436096,1,1
891,110.2077619,82.15854469,10,3,5.154572163,0.008247315,0.026987544,222.9369697,4020.6123,10,2,0.2,117.3737564,53.99827194,1,1
892,110.2077619,82.15854469,7,1,41.58466979,0.066535472,0.367436467,242.657385,3804.339155,7,2,0.285714286,114.9454727,511.815155,1,1
893,110.2077619,82.15854469,199,3,94.64725328,0.151435605,0.335504655,101.9730392,2347.473854,199,46,0.231155779,103.3273544,128.3027039,1,1
894,110.2077619,82.15854469,53,2,53.22841985,0.085165472,0.036377929,154.9526699,2643.012783,53,8,0.150943396,116.0068893,48.99829865,1,1
895,110.2077619,82.15854469,16,3,116.8408461,0.186945354,0.014874897,240.8505468,3281.628087,16,3,0.1875,104.6689148,22.20100975,1,1
896,110.2077619,82.15854469,133,2,211.1167685,0.33778683,0.009566319,259.7090465,3077.174423,133,84,0.631578947,103.6147842,33.43258667,1,1
897,110.2077619,82.15854469,47,2,122.1698234,0.195471717,0.027964073,213.0133983,3153.774573,47,17,0.361702128,80.37355804,48.22029114,1,1
898,110.2077619,82.15854469,3,2,12.00050525,0.019200808,0.005814399,471.8791209,2930.440713,3,1,0.333333333,117.0423279,16.43001366,1,1
899,110.2077619,82.15854469,5,2,8.024352142,0.012838963,0.009980732,522.5243902,2659.043081,5,2,0.4,114.3438263,31.25565147,1,1
900,110.2077619,82.15854469,34,2,7.821995644,0.012515193,0.021131637,357.6234719,2404.610275,34,1,0.029411765,116.4749298,40.3035202,1,1
901,110.2077619,82.15854469,3,2,137.596639,0.220154622,0.047365895,360.7457213,2722.662745,3,0,0,127.4691925,49.39538956,1,1
902,110.2077619,82.15854469,3,1,95.33573822,0.152537181,0.010775682,291.8594132,3625.548417,3,1,0.333333333,120.0917206,19.11001205,1,1
903,110.2077619,82.15854469,1,0,134.4020372,0.21504326,0.003597904,454.7802198,3026.978405,1,0,0,119.692421,12.30454063,1,1
907,110.2077619,82.15854469,1,0,110.4513432,0.176722149,0.001890791,820.527027,2460.658817,1,0,0,100.0921249,3.284189939,1,1
909,110.2077619,82.15854469,10,0,121.2995989,0.194079358,0.08446185,162.2475369,1346.590168,10,0,0,92.63101959,96.11618042,1,1
910,110.2077619,82.15854469,2,0,88.09753783,0.140956061,0.020542287,297.0628079,707.3023051,2,0,0,75.1621933,153.8542938,1,1
967,110.2077619,82.15854469,8,0,143.2344515,0.229175122,0.046452865,113.3535844,316.9957067,8,0,0,31.52578735,171.9122162,2,1
968,110.2077619,82.15854469,7,0,203.0359925,0.324857588,0.063499847,83.59756098,327.5583989,7,0,0,33.48711014,284.9801025,2,1
969,110.2077619,82.15854469,2,0,175.2428337,0.280388534,0.057593048,97.49756691,454.70109,2,0,0,48.94860077,135.6148987,2,1
970,110.2077619,82.15854469,9,0,158.226073,0.253161717,0.092487312,61.91727494,622.8420661,9,0,0,62.05130386,218.9766541,2,1
971,110.2077619,82.15854469,29,0,126.187593,0.201900149,0.547766754,24.36043689,845.5236262,29,0,0,86.0831604,388.8096313,2,1
972,110.2077619,82.15854469,8,0,213.4443766,0.341511003,0.098740344,46.85714286,964.2702737,8,0,0,98.01902771,109.6053925,2,1
973,110.2077619,82.15854469,3,0,255.5990891,0.408958543,0.060469985,73.05090909,721.2878897,3,0,0,92.32701874,122.9658051,2,1
974,110.2077619,82.15854469,19,1,250.7143695,0.401142991,0.056703031,47.85505481,635.2301233,19,0,0,90.56024933,117.9577179,2,1
975,110.2077619,82.15854469,59,1,303.7863627,0.48605818,0.300340748,23.3535109,614.1200724,59,0,0,92.28945923,209.1912842,2,1
976,110.2077619,82.15854469,18,0,289.5621643,0.463299463,0.030475534,46.47087379,895.6500586,18,0,0,113.4298248,128.5395355,2,1
977,110.2077619,82.15854469,27,0,302.4283284,0.483885325,0.112349538,34.23386114,952.1429301,27,0,0,94.63130188,190.8279724,2,1
979,110.2077619,82.15854469,81,1,592.1344186,0.94741507,1.129469608,22.19135802,1533.074198,81,32,0.395061728,86.26442719,919.15448,2,1
980,110.2077619,82.15854469,12,2,240.7056149,0.385128984,0.101217483,52.66903073,1582.385199,12,6,0.5,107.4973068,167.915802,2,1
981,110.2077619,82.15854469,52,1,307.3391365,0.491742618,0.032823759,99.3037037,2429.707076,52,26,0.5,125.685791,110.9770126,2,1
982,110.2077619,82.15854469,38,1,262.8035597,0.420485696,0.020566913,213.7264038,2805.405113,38,36,0.947368421,150.5620575,90.78733826,2,1
983,110.2077619,82.15854469,10,4,39.29654211,0.062874467,0.001517198,500.562963,5037.61988,10,10,1,144.9431763,4.954035759,2,1
984,110.2077619,82.15854469,87,4,197.7248155,0.316359705,0.003936994,470.0430108,4655.153606,87,87,1,153.9629211,25.97499847,2,1
985,110.2077619,82.15854469,11,4,4.668752281,0.007470004,9.26992629463879E-05,1133.619753,5570.085157,11,11,1,135.4371033,39.05567932,2,1
986,110.2077619,82.15854469,42,2,48.94368638,0.078309898,0.0012235,1284.493317,4077.185877,42,40,0.952380952,140.9516602,40.09521866,2,1
987,110.2077619,82.15854469,26,1,159.3606721,0.254977075,0.001949432,617.0521845,3786.524382,26,6,0.230769231,141.1770782,36.74496078,1,1
989,110.2077619,82.15854469,6,2,0,0,0.0003379,957.1020408,5550.289629,6,6,1,131.5484314,10.86251545,1,1
990,110.2077619,82.15854469,1,2,39.69393038,0.063510289,0.000966697,774.8229548,5451.51183,1,0,0,104.9442444,2.907203197,1,1
991,110.2077619,82.15854469,164,1,205.5777512,0.328924402,0.005920957,392.1553166,4454.535362,164,38,0.231707317,126.1083527,27.1811409,1,1
992,110.2077619,82.15854469,8,0,109.866567,0.175786507,0.002240597,434.8839506,4764.692597,8,0,0,123.7518234,18.30556297,1,1
994,110.2077619,82.15854469,28,2,63.91545515,0.102264728,0.001184169,255.8380368,4810.188949,28,28,1,92.08457947,91.19910431,1,1
995,110.2077619,82.15854469,6,1,0,0,0.002060403,532.0012077,4440.617142,6,6,1,124.2715988,34.9709053,1,1
996,110.2077619,82.15854469,27,1,25.62744148,0.041003906,0.002779833,358.7127273,3312.373684,27,24,0.888888889,126.4916534,32.71886063,1,1
997,110.2077619,82.15854469,2,3,0,0,0.001020992,897.3235653,3588.316881,2,2,1,149.9301453,3.045680761,1,1
998,110.2077619,82.15854469,6,2,0,0,0.000648168,1113.129697,4594.907872,6,6,1,108.1081314,0.652900219,1,1
999,110.2077619,82.15854469,5,1,0,0,0.000417486,1070.343902,4235.160478,5,5,1,124.009285,1.650229812,1,1
1001,110.2077619,82.15854469,16,3,0,0,0.003908839,694.0572473,2949.708529,16,4,0.25,136.1397858,23.93602943,1,1
1002,110.2077619,82.15854469,15,3,0,0,0.005537246,778.0888078,3185.476958,15,3,0.2,127.4921646,20.38004684,1,1
1003,110.2077619,82.15854469,3,3,7.757505119,0.012412008,0.003185763,638.3300853,3666.070847,3,3,1,129.7166748,8.097266197,1,1
1004,110.2077619,82.15854469,13,0,309.3904314,0.49502469,0.00144292,282.3609756,3891.055771,13,0,0,117.384346,15.67865658,1,1
1006,110.2077619,82.15854469,1,0,131.5681582,0.210509053,0.003539391,964.3390453,4830.641976,1,0,0,99.59578705,2.198468447,1,1
1012,110.2077619,82.15854469,12,0,279.3909285,0.447025486,0.059764569,169.5178352,1574.260146,12,0,0,82.10414886,81.34441376,1,1
1013,110.2077619,82.15854469,31,0,212.3824425,0.339811908,0.001584925,351.8835784,1424.663908,31,0,0,114.7483902,16.74763489,1,1
1014,110.2077619,82.15854469,3,0,112.9841408,0.180774625,0.170051104,324.0701107,518.4052443,3,0,0,97.53235626,132.734726,1,1
1015,110.2077619,82.15854469,1,0,66.44470898,0.106311534,0.065297162,206.4024691,307.3216131,1,0,0,49.33030319,280.5521545,1,1
1068,110.2077619,82.15854469,7,2,100.6398079,0.175368388,0.048984884,79.42460317,194.2130185,7,3,0.428571429,14.44793701,274.040863,2,1
1069,110.2077619,82.15854469,13,2,143.9401971,0.230304315,0.03570122,102.1904762,413.8060582,13,1,0.076923077,43.43334198,138.4502106,2,1
1070,110.2077619,82.15854469,53,0,236.5808869,0.378529419,0.192647091,33.85436893,561.4159278,53,0,0,33.62562943,421.5204773,2,1
1071,110.2077619,82.15854469,4,0,130.512533,0.208820053,0.018157366,69.86861314,947.6060806,4,0,0,98.16147614,80.50382233,2,1
1072,110.2077619,82.15854469,8,0,215.8004822,0.345280772,0.06670959,96.86253041,941.047515,8,0,0,105.1060944,123.1259308,2,1
1073,110.2077619,82.15854469,11,0,249.6406553,0.399425048,0.149844219,94.19562576,1265.511574,11,0,0,101.4054718,204.2843933,2,1
1074,110.2077619,82.15854469,20,0,209.6201048,0.335392168,0.059376642,68.63757576,1154.752927,20,0,0,119.509697,154.6313629,2,1
1075,110.2077619,82.15854469,5,0,273.8361347,0.438137815,0.125837035,44.93438639,1032.286529,5,0,0,107.7936325,208.0270233,2,1
1076,110.2077619,82.15854469,30,0,296.9606077,0.475136972,0.105926088,36.23002421,906.793873,30,0,0,92.03695679,161.1867828,2,1
1077,110.2077619,82.15854469,41,0,282.8847708,0.452615633,0.128319058,34.73390036,646.852258,41,0,0,81.02394104,232.2731476,2,1
1078,110.2077619,82.15854469,52,0,279.1689671,0.446670347,0.169997779,51.79302046,711.0653053,52,0,0,70.69695282,193.4712524,2,1
1079,110.2077619,82.15854469,21,0,336.194243,0.537910789,0.116664184,71.91442543,962.1739004,21,0,0,89.33260345,168.7185059,2,1
1080,110.2077619,82.15854469,47,0,243.9842098,0.390374736,0.0738074,97.30132053,1454.143425,47,0,0,110.3838272,125.9382706,2,1
1081,110.2077619,82.15854469,130,2,204.6752204,0.327480353,0.068512744,106.2350061,2027.800108,130,70,0.538461538,125.591507,139.3305664,2,1
1082,110.2077619,82.15854469,109,3,188.4370126,0.30149922,0.008746067,157.7445783,3308.274998,109,88,0.80733945,138.3256531,62.98983765,2,1
1083,110.2077619,82.15854469,8,3,84.03464755,0.134455436,0.004379483,281.1612121,3520.46556,8,3,0.375,146.4286804,36.9871788,2,1
1084,110.2077619,82.15854469,28,2,98.50903999,0.157614464,0.000746903,336.2457831,4231.025477,28,6,0.214285714,138.4812317,142.1926727,2,1
1087,110.2077619,82.15854469,8,3,53.4843315,0.08557493,0.000143476,692.7467145,5802.177702,8,4,0.5,119.691925,55.39122391,2,1
1088,110.2077619,82.15854469,4,3,0,0,6.7911392051099E-05,1187.622222,6019.090735,4,0,0,117.6355896,103.8016968,2,1
1089,110.2077619,82.15854469,16,0,29.97131761,0.047954108,0.000510962,612.3811231,4657.518552,16,0,0,106.9218979,128.1594086,2,1
1094,110.2077619,82.15854469,2,0,122.6025163,0.196164026,0.001425007,414.0975309,5157.964832,2,0,0,65.65602112,11.36851883,1,1
1095,110.2077619,82.15854469,5,0,55.30699583,0.088491193,0.00143416,405.3660287,5328.1254,5,0,0,52.61063385,6.722593307,1,1
1099,110.2077619,82.15854469,3,1,1.998650052,0.00319784,0.001808434,569.4710843,4505.204117,3,3,1,122.4635239,31.12717247,1,1
1100,110.2077619,82.15854469,1,2,0,0,0.001620392,1638.846529,4638.881035,1,1,1,118.9538498,5.61125946,1,1
1105,110.2077619,82.15854469,1,2,0,0,0.001120535,1313.178615,4566.833789,1,1,1,132.0552826,7.725696564,1,1
1107,110.2077619,82.15854469,3,0,137.4616675,0.219938668,0.024485383,337.8274605,4435.472867,3,0,0,104.0598221,8.035244942,1,1
1108,110.2077619,82.15854469,80,0,99.18278843,0.158692461,0.052514296,370.2344322,4853.233905,80,0,0,89.34457397,40.7027626,1,1
1115,110.2077619,82.15854469,1,0,264.3604839,0.422976774,0.001880985,343.995098,1338.412548,1,0,0,124.5711823,13.99568176,1,1
1116,110.2077619,82.15854469,3,0,264.3604839,0.422976774,0.00428675,260.8433293,1299.123739,3,0,0,108.4760895,34.76131439,1,1
1171,110.2077619,82.15854469,14,2,70.90582425,0.113449319,0.022841053,142.3551515,459.8623246,14,11,0.785714286,49.10683441,72.36361694,2,1
1172,110.2077619,82.15854469,15,2,153.3561918,0.245369907,0.092935706,84.74756098,879.3374414,15,0,0,63.56180954,184.205368,2,1
1173,110.2077619,82.15854469,20,0,172.5064699,0.276010352,0.126870632,66.09564165,1281.113725,20,0,0,87.2396698,190.1204834,2,1
1174,110.2077619,82.15854469,7,0,229.2166611,0.366746658,0.06926753,121.0462287,1326.932428,7,0,0,118.967659,132.0792389,2,1
1176,110.2077619,82.15854469,11,0,233.8367744,0.374138839,0.114214985,156.2711864,1626.55989,11,0,0,120.2927246,168.8842621,2,1
1177,110.2077619,82.15854469,16,0,376.0283868,0.601645419,0.04304847,115.940534,1938.330722,16,0,0,127.4777222,146.9943542,2,1
1178,110.2077619,82.15854469,107,1,347.7242926,0.556358868,0.12675072,45.5814234,1465.506627,107,17,0.158878505,104.7083054,246.6029205,2,1
1179,110.2077619,82.15854469,191,1,243.1329263,0.389012682,0.844823825,17.29283111,1292.587155,191,36,0.188481675,82.73171997,657.420166,2,1
1180,110.2077619,82.15854469,149,1,324.4514848,0.519122376,0.062277898,118.4194712,1427.456619,149,91,0.610738255,107.2710037,140.9227753,2,1
1181,110.2077619,82.15854469,75,1,304.0444124,0.48647106,0.168762292,163.3953771,1706.253547,75,44,0.586666667,120.0673141,137.9402313,2,1
1182,110.2077619,82.15854469,9,1,185.4133607,0.296661377,0.011612638,281.8955582,2906.425375,9,0,0,130.3396149,67.28103638,2,1
1183,110.2077619,82.15854469,30,1,147.5754746,0.236120759,0.006055041,388.3317132,2880.082147,30,4,0.133333333,165.9615326,71.27500916,2,1
1184,110.2077619,82.15854469,62,1,67.10379972,0.10736608,0.006621661,506.5850422,3919.008989,62,9,0.14516129,153.05159,53.20346832,2,1
1185,110.2077619,82.15854469,111,1,171.1843082,0.273894893,0.004304787,416.0108565,3898.021393,111,89,0.801801802,165.6244659,35.38412094,2,1
1186,110.2077619,82.15854469,5,1,13.6187972,0.021790076,0.000565174,848.3256659,5476.281261,5,2,0.4,142.5212555,20.75983429,2,1
1187,110.2077619,82.15854469,117,1,75.67088685,0.121073419,0.000294043,352.0274791,4903.626952,117,0,0,91.44056702,119.2022476,2,1
1190,110.2077619,82.15854469,2,0,108.4215774,0.173474524,0.000574063,392.8228155,5400.79538,2,0,0,70.5890274,28.30708504,2,1
1192,110.2077619,82.15854469,2,0,64.6401856,0.103424297,0.000476971,443.0131422,4813.458034,2,0,0,100.3355865,0,2,1
1194,110.2077619,82.15854469,55,0,171.8727924,0.274996468,0.017949107,353.8936679,4762.711246,55,0,0,61.41398239,706.765625,1,1
1197,110.2077619,82.15854469,1,0,202.4766765,0.323962682,0.081192743,257.4199759,4680.201454,1,0,0,28.13895035,309.7113953,1,1
1201,110.2077619,82.15854469,1,1,30.54455636,0.04887129,0.001751179,276.5466507,4709.31424,1,0,0,36.87031555,132.5178375,1,1
1206,110.2077619,82.15854469,5,0,51.91995231,0.083071924,0.00121019,550.2524272,4779.634695,5,0,0,104.9299698,77.25270081,1,1
1207,110.2077619,82.15854469,2,0,101.7024135,0.162723862,0.000909172,499.0484848,4298.912492,2,0,0,106.9875107,126.2600403,1,1
1210,110.2077619,82.15854469,5,0,113.2084701,0.181133552,0.000659092,339.1287971,4924.796699,5,0,0,78.90663147,6.650410175,1,1
1218,110.2077619,82.15854469,1,0,105.6341317,0.169014611,0.001776324,920.2090465,1668.837837,1,0,0,127.5561981,8.741433144,1,1
1220,110.2077619,82.15854469,2,0,15.38669266,0.024618708,0.008966278,464.9070905,1300.172542,2,0,0,101.2771912,43.87973785,1,1
1221,110.2077619,82.15854469,2,0,199.5597749,0.31929564,0.006196026,280.002451,807.6038566,2,0,0,86.7790451,63.75708008,1,1
1222,110.2077619,82.15854469,1,0,203.7700244,0.326032039,0.024702142,332.8511685,890.215217,1,0,0,91.2594223,102.2655334,1,1
1223,110.2077619,82.15854469,1,0,230.7242164,0.369158746,0.002877274,382.2199017,854.7762575,1,0,0,95.38562012,55.93164444,1,1
1228,110.2077619,82.15854469,4,0,88.14849199,0.141037587,0.002731687,258.4604938,1105.494951,4,0,0,121.2522507,25.83316612,1,1
1230,110.2077619,82.15854469,1,0,92.96961105,0.148751378,0.000801873,1014.956576,2190.638279,1,0,0,158.7317352,27.39549446,1,1
1273,110.2077619,82.15854469,5,4,113.2177073,0.181148332,0.022406269,156.1818182,577.6711433,5,4,0.8,64.83838654,140.9669037,2,1
1274,110.2077619,82.15854469,8,3,196.038609,0.313661774,0.050432506,130.684466,970.4668984,8,0,0,89.13918304,134.9048309,2,1
1275,110.2077619,82.15854469,15,0,253.3260582,0.405321693,0.055089639,119.5992736,1379.749241,15,0,0,102.3383484,113.3583527,2,1
1276,110.2077619,82.15854469,3,0,265.8409381,0.425345501,0.044788307,143.7803398,1834.998281,3,0,0,108.1167068,128.8188019,2,1
1277,110.2077619,82.15854469,9,0,233.3565947,0.373370552,0.032185431,235.8019324,2144.012664,9,0,0,128.1496277,83.69158936,2,1
1278,110.2077619,82.15854469,3,1,153.0007148,0.244801144,0.029668825,313.2978208,2741.992666,3,3,1,130.1891174,45.06520462,2,1
1279,110.2077619,82.15854469,38,1,229.8436571,0.367749851,0.055634351,260.7932285,2717.398629,38,8,0.210526316,130.5401306,105.6409225,2,1
1280,110.2077619,82.15854469,63,0,247.434621,0.395895394,0.049947537,191.8319226,2205.415462,63,0,0,136.3935089,117.4634094,2,1
1281,110.2077619,82.15854469,142,1,205.1219456,0.328195113,0.014691462,186.3927711,2734.071089,142,66,0.464788732,141.9395142,77.10240173,2,1
1282,110.2077619,82.15854469,37,1,54.22000716,0.086752011,0.000496631,361.2748184,3813.437216,37,37,1,167.3119507,44.3419342,2,1
1283,110.2077619,82.15854469,160,1,127.3661948,0.203785912,0.000609554,732.8208232,4236.102206,160,160,1,155.7773438,16.67352104,2,1
1284,110.2077619,82.15854469,71,2,127.0873879,0.203339821,0.002473494,599.6842737,3740.476128,71,35,0.492957746,168.7454987,25.94030952,2,1
1285,110.2077619,82.15854469,14,1,67.28014441,0.107648231,0.003457232,845.7929354,4642.241434,14,13,0.928571429,163.6262665,26.18219185,2,1
1286,110.2077619,82.15854469,34,1,152.7641776,0.244422684,0.002563457,605.2100239,3970.157596,34,30,0.882352941,192.4432983,27.88796425,2,1
1287,110.2077619,82.15854469,13,1,72.11441698,0.115383067,0.002091504,530.5006046,4460.372746,13,1,0.076923077,149.1064148,64.48780823,2,1
1288,110.2077619,82.15854469,5,0,69.07479024,0.110519664,0.000270584,578.8590522,4940.811866,5,0,0,137.1811676,43.62583923,2,1
1300,110.2077619,82.15854469,2,0,98.65089254,0.157841428,0.00082679,256.6801909,4733.115577,2,0,0,28.80376053,128.3699646,1,1
1308,110.2077619,82.15854469,7,0,94.29806288,0.150876901,0.003061227,303.6272618,5151.993345,7,0,0,60.01135635,141.2975159,1,1
1309,110.2077619,82.15854469,6,0,134.0550488,0.214488078,0.010731301,500.5187879,4819.822098,6,0,0,89.53041077,334.3298645,1,1
1314,110.2077619,82.15854469,2,0,48.77718701,0.078043499,0.00218743,288.9613527,4702.10914,2,0,0,67.85598755,18.33897209,1,1
1315,110.2077619,82.15854469,19,0,192.883864,0.308614182,0.012883372,267.4073171,4497.849437,19,0,0,70.24706268,75.33433533,1,1
1316,110.2077619,82.15854469,4,0,50.574141,0.080918626,0.001316506,382.7227603,4495.189688,4,0,0,97.23505402,20.57160378,1,1
1317,110.2077619,82.15854469,2,0,75.89086411,0.121425383,0.000465095,531.4439024,4399.216488,2,0,0,137.5960541,8.45953083,1,1
1318,110.2077619,82.15854469,7,0,17.29797228,0.027676756,0.000518597,903.6889429,3801.815585,7,0,0,138.0117798,6.913616657,1,1
1322,110.2077619,82.15854469,1,0,202.8414899,0.324546384,0.001038861,531.4858896,1743.329764,1,0,0,138.4608612,36.3681221,1,1
1324,110.2077619,82.15854469,1,0,127.2626855,0.203620297,0.008140987,372.1897185,957.9637374,1,0,0,103.9499512,88.52428436,1,1
1325,110.2077619,82.15854469,2,0,172.4463465,0.275914154,0.027626371,236.4227941,772.8720744,2,0,0,102.8002472,90.17634583,1,1
1326,110.2077619,82.15854469,1,0,169.0065367,0.270410459,0.00109675,241.9778598,993.0200868,1,0,0,115.964592,37.13722992,1,1
1329,110.2077619,82.15854469,35,0,42.93899396,0.06870239,0.032593169,313.7404674,1410.064962,35,0,0,125.2334518,187.176239,1,1
1331,110.2077619,82.15854469,21,0,139.3579729,0.222972757,0.002434655,801.6353523,2402.889159,21,0,0,161.6946869,15.27960491,1,1
1332,110.2077619,82.15854469,8,0,257.165892,0.411465427,0.002419195,870.1695545,2213.273554,8,0,0,162.0281677,25.73757172,1,1
1375,110.2077619,82.15854469,21,2,147.5494799,0.236079168,0.009974056,155.390303,521.3340206,21,14,0.666666667,61.42677689,54.62445068,2,1
1376,110.2077619,82.15854469,44,2,280.9143231,0.449462917,0.21898807,118.1366385,1026.815003,44,0,0,84.39922333,270.8814697,2,1
1377,110.2077619,82.15854469,35,0,272.1159682,0.435385549,0.033343216,228.0400485,1483.704425,35,0,0,114.4896622,81.17050934,2,1
1378,110.2077619,82.15854469,9,0,258.429454,0.413487126,0.069423636,187.575392,1202.82713,9,0,0,101.3740463,127.062294,2,1
1379,110.2077619,82.15854469,2,0,278.4539022,0.445526243,0.048932957,208.9975758,1632.67437,2,0,0,130.1240082,182.4077301,2,1
1381,110.2077619,82.15854469,13,1,161.6906277,0.258705004,0.018779131,515.5845411,3207.618969,13,10,0.769230769,141.2064362,40.95551682,2,1
1382,110.2077619,82.15854469,1,1,61.09691732,0.097755068,0.005896411,852.3985507,4621.373873,1,0,0,138.2927246,12.33853722,2,1
1383,110.2077619,82.15854469,6,1,25.62869932,0.041005919,0.001088584,908.2306763,4834.480172,6,0,0,169.6177979,3.634544849,2,1
1384,110.2077619,82.15854469,81,1,138.4650761,0.221544122,0.002964796,415.8710843,4020.230822,81,81,1,152.2068634,43.10357666,2,1
1385,110.2077619,82.15854469,30,1,82.42410864,0.131878574,0.001197456,509.6742788,5149.685292,30,30,1,139.1426086,7.191209316,2,1
1386,110.2077619,82.15854469,15,1,140.0048972,0.224007836,0.002772181,462.7699758,4700.400307,15,15,1,136.2157745,9.23386097,2,1
1387,110.2077619,82.15854469,6,2,36.47261445,0.058356183,0.000658224,817.2247596,5267.600799,6,6,1,135.6352386,8.765538216,2,1
1388,110.2077619,82.15854469,2,1,127.2661845,0.203625895,0.002126597,666.3808383,4867.90696,2,2,1,128.1763763,10.82462025,2,1
1390,110.2077619,82.15854469,2,1,95.38268173,0.152612291,0.000329676,484.7294686,4822.777175,2,0,0,104.621315,1.267753005,2,1
1391,110.2077619,82.15854469,1,0,36.81088593,0.058897417,0.000454948,527.8933649,5053.705693,1,0,0,74.46369171,5.600889206,2,1
1392,110.2077619,82.15854469,1,0,130.5935747,0.208949719,0.00128761,356.5169082,4736.929875,1,0,0,16.17424965,96.42519379,2,1
1398,110.2077619,82.15854469,7,0,217.1094576,0.347375132,0.001025763,231.5507766,4860.395634,7,0,0,53.07391357,1484.727905,2,1
1411,110.2077619,82.15854469,2,0,95.82820754,0.153325132,0.004067486,340.9422383,4881.716217,2,0,0,48.0098877,112.7420197,1,1
1414,110.2077619,82.15854469,3,0,12.6911771,0.020305883,0.001330622,512.8765133,5060.449737,3,0,0,35.88910675,0.774723768,1,1
1418,110.2077619,82.15854469,3,0,72.45439474,0.115927032,0.002103437,314.1368039,4822.553097,3,0,0,63.8643837,9.440237999,1,1
1419,110.2077619,82.15854469,6,0,105.5425799,0.168868128,0.001072244,429.4114078,4729.048392,6,0,0,99.92507172,6.64991951,1,1
1421,110.2077619,82.15854469,2,0,44.29730955,0.070875695,0.000791365,892.4817073,4352.187094,2,0,0,118.7511597,4.11570406,1,1
1422,110.2077619,82.15854469,1,0,9.943967362,0.015910348,0.000989154,1212.469734,3989.724041,1,0,0,138.1858215,12.96590996,1,1
1427,110.2077619,82.15854469,2,0,109.8174369,0.175707899,0.003486366,417.6195122,1446.476373,2,0,0,135.4069977,38.51111984,1,1
1429,110.2077619,82.15854469,3,0,191.2503138,0.306000502,0.001226723,267.2750611,1106.08055,3,0,0,100.971405,50.01528931,1,1
1432,110.2077619,82.15854469,3,0,117.674947,0.188279915,0.000396463,441.6490798,1738.76874,3,0,0,150.2970886,14.00800705,1,1
1435,110.2077619,82.15854469,18,0,79.20149225,0.126722388,0.003058226,1368.310429,3061.772426,18,0,0,159.8986816,8.794570923,1,1
1436,110.2077619,82.15854469,2,0,111.9107558,0.179057209,0.000744934,1141.434032,3388.991554,2,0,0,148.1483612,44.41490555,1,1
1476,110.2077619,82.15854469,14,0,124.8330752,0.19973292,0.01982881,227.236938,603.7899083,14,0,0,56.73988342,157.7366638,2,1
1478,110.2077619,82.15854469,1,0,216.9280915,0.347084946,0.034255681,195.5555556,742.3555597,1,0,0,82.092453,109.6614304,2,1
1479,110.2077619,82.15854469,17,0,305.4778922,0.488764628,0.091700497,157.0145631,1107.700829,17,0,0,95.68157959,178.1475983,2,1
1480,110.2077619,82.15854469,23,0,184.4260942,0.295081751,0.03326837,335.3995187,1939.87313,23,0,0,123.3464203,105.4106369,2,1
1481,110.2077619,82.15854469,3,0,132.4351108,0.211896177,0.015221925,526.3276904,2282.280245,3,0,0,127.6298065,84.54619598,2,1
1482,110.2077619,82.15854469,21,0,131.5619669,0.210499147,0.024725545,520.4190821,2323.244157,21,0,0,157.0432892,116.1540604,2,1
1483,110.2077619,82.15854469,1,0,109.0243074,0.174438892,0.008875166,631.9457831,3353.923814,1,0,0,176.3617706,37.8169899,2,1
1484,110.2077619,82.15854469,22,3,248.4221482,0.397475437,0.002426636,685.1036145,3692.346558,22,5,0.227272727,138.173172,79.02427673,2,1
1486,110.2077619,82.15854469,1,2,121.7608033,0.194817285,0.001324351,767.1652593,5002.006445,1,0,0,124.3641663,19.2173996,2,1
1487,110.2077619,82.15854469,6,1,56.2469591,0.089995135,0.001451999,432.6313253,5005.930656,6,6,1,126.2231674,6.056354046,2,1
1488,110.2077619,82.15854469,26,1,195.335625,0.312537,0.002726439,291.3373206,4201.655859,26,26,1,104.4790802,12.88450718,2,1
1489,110.2077619,82.15854469,2,1,116.268191,0.186029106,9.72195916966232E-05,741.9144578,5512.055794,2,2,1,98.45014191,0.594585955,2,1
1493,110.2077619,82.15854469,138,0,68.35637736,0.109370204,0.000481882,512.1351675,5038.874216,138,0,0,72.38655853,591.2764282,2,1
1494,110.2077619,82.15854469,2,0,167.9146115,0.268663378,0.00081812,413.1014493,4917.706088,2,0,0,51.71012497,0,2,1
1502,110.2077619,82.15854469,2,0,50.9474125,0.08151586,0.001013133,223.8349169,5118.382001,2,0,0,66.33163452,3.56146431,2,1
1504,110.2077619,82.15854469,3,0,78.09009568,0.124944153,0.00225656,190.965812,4639.745881,3,0,0,58.61677933,693.0014038,1,1
1510,110.2077619,82.15854469,3,0,197.4108555,0.315857369,0.205768444,148.0892857,4305.90685,3,0,0,53.9479866,335.4194641,1,1
1513,110.2077619,82.15854469,10,0,86.57307108,0.138516914,0.002967119,240.7075812,5114.427999,10,0,0,77.09575653,490.6992493,1,1
1514,110.2077619,82.15854469,13,0,1.77200195,0.002835203,0.001034042,259.1356543,4527.253058,13,0,0,33.7147789,59.53099823,1,1
1515,110.2077619,82.15854469,2,0,81.02366971,0.129637872,0.001142523,269.3244873,4537.56866,2,0,0,28.97361374,6.788002968,1,1
1516,110.2077619,82.15854469,1,0,102.4310243,0.163889639,0.001392762,263.0697954,4649.866194,1,0,0,43.01696777,91.31529236,1,1
1520,110.2077619,82.15854469,4,0,201.8424221,0.322947875,0.003531239,209.9624697,4796.831705,4,0,0,59.0311203,44.49528503,1,1
1525,110.2077619,82.15854469,2,0,36.55429915,0.058486879,0.000933259,589.8762136,4605.754301,2,0,0,112.0443192,1.924065948,1,1
1531,110.2077619,82.15854469,3,0,115.8660914,0.185385746,0.001023884,396.045122,1193.106812,3,0,0,135.1071777,85.81932068,1,1
1578,110.2077619,82.15854469,10,0,272.0505579,0.435280893,0.02673516,123.8651276,1103.112681,10,0,0,88.78023529,62.3914299,2,1
1579,110.2077619,82.15854469,3,0,220.4883664,0.352781386,0.008101811,335.9891697,1489.163134,3,0,0,104.2769241,39.62318802,2,1
1580,110.2077619,82.15854469,1,0,261.4459582,0.418313533,0.0216894,442.1347087,1087.666208,1,0,0,121.9919052,50.61963272,2,1
1581,110.2077619,82.15854469,6,0,365.4873422,0.584779748,0.085884759,257.8007246,1345.065934,6,0,0,103.8556061,152.2614136,2,1
1582,110.2077619,82.15854469,16,0,243.4473749,0.3895158,0.037306997,324.5066185,1897.029247,16,0,0,134.107193,143.1879425,2,1
1583,110.2077619,82.15854469,1,0,167.9745276,0.268759244,0.017090744,512.4149578,2957.070504,1,0,0,124.2366638,70.40576172,2,1
1584,110.2077619,82.15854469,2,0,152.3085489,0.243693678,0.015603056,757.7850242,3506.973794,2,0,0,123.5128174,40.36388397,2,1
1585,110.2077619,82.15854469,5,1,168.7105797,0.269936928,0.011244278,594.4326923,3615.094366,5,0,0,119.5181122,29.93751717,2,1
1586,110.2077619,82.15854469,6,2,153.1749372,0.245079899,0.002817154,573.8930288,3751.231013,6,4,0.666666667,147.2401733,54.44758987,2,1
1587,110.2077619,82.15854469,7,3,185.0994329,0.296159093,0.004285745,642.534296,4205.92294,7,7,1,156.065506,55.36820984,2,1
1588,110.2077619,82.15854469,4,2,185.5856676,0.296937068,0.000626307,641.9326113,4850.747124,4,4,1,114.0930405,23.72571754,2,1
1589,110.2077619,82.15854469,1,1,129.4533718,0.207125395,0.000273147,737.4345738,5115.782263,1,0,0,100.1802368,4.5774827,2,1
1591,110.2077619,82.15854469,5,1,169.0057221,0.270409155,0.002617027,438.4585834,4483.853466,5,5,1,85.94351959,19.40159035,2,1
1597,110.2077619,82.15854469,1,0,146.7164194,0.234746271,0.000799873,393.5124555,4748.827209,1,0,0,42.93466568,28.86989784,2,1
1607,110.2077619,82.15854469,2,0,90.77670412,0.145242727,0.003967016,157.1017964,4500.300242,2,0,0,62.00883102,90.10310364,1,1
1610,110.2077619,82.15854469,5,0,465.1831572,0.744293052,0.584332043,51.1257485,4105.613872,5,0,0,53.60159302,877.7504272,1,1
1612,110.2077619,82.15854469,2,0,247.5076236,0.396012198,0.012410107,136.5065554,4329.663587,2,0,0,69.57951355,216.8168335,1,1
1614,110.2077619,82.15854469,2,0,44.9974926,0.071995988,0.004127427,267.1891566,4599.807773,2,0,0,90.60942078,414.5266418,1,1
1617,110.2077619,82.15854469,3,0,145.1721724,0.232275476,0.001211749,155.7022809,4607.9245,3,0,0,65.13424683,52.19775009,1,1
1621,110.2077619,82.15854469,1,0,121.6575045,0.194652007,0.016559741,231.1521739,4362.197179,1,0,0,88.55069733,104.2056808,1,1
1623,110.2077619,82.15854469,1,0,186.4303315,0.29828853,0.002430087,208.3537906,4399.332562,1,0,0,78.05137634,147.4919281,1,1
1624,110.2077619,82.15854469,7,0,89.59464545,0.143353203,0.001109925,277.122276,4579.560314,7,0,0,100.8526459,13.04926968,1,1
1625,110.2077619,82.15854469,22,0,206.3054807,0.393888411,0.004139797,249.5624103,3926.250407,22,0,0,123.0311356,49.75006104,1,1
1626,110.2077619,82.15854469,3,0,162.4750992,0.337860996,0.001783301,297.2783019,3974.335566,3,0,0,143.6307373,20.99195671,1,1
1627,110.2077619,82.15854469,55,0,192.0615908,0.367297785,0.031895751,304.295389,3954.324919,55,0,0,161.1393738,51.28925323,1,1
1628,110.2077619,82.15854469,2,0,119.0375255,0.220591873,0.001027044,416.7935393,4170.799064,2,0,0,150.4656982,9.451967239,1,1
1630,110.2077619,82.15854469,21,0,64.95610847,0.103929774,0.000327017,623.0984204,4331.346478,21,0,0,127.1179123,8.669696808,1,1
1637,110.2077619,82.15854469,2,0,67.38578635,0.107817258,0.000285597,815.7567237,2693.159211,2,0,0,100.2764893,4.489818573,1,1
1638,110.2077619,82.15854469,6,0,226.159905,0.361855848,0.000885168,434.129743,2588.984787,6,0,0,131.0392151,40.75624084,1,1
1641,110.2077619,82.15854469,1,0,69.90231607,0.111843706,0.000530559,1131.056442,3634.674146,1,0,0,143.4696655,16.28238297,1,1
1678,110.2077619,82.15854469,2,0,314.4518455,0.503122953,0.027524765,114.3905683,1092.661567,2,0,0,94.39258575,117.8609695,2,1
1679,110.2077619,82.15854469,9,0,298.3875811,0.47742013,0.068769621,80.64805825,1177.669261,9,0,0,95.76853943,115.8513947,2,1
1681,110.2077619,82.15854469,2,0,276.536523,0.442458437,0.0588789,170.3268765,1615.043443,2,0,0,93.95241547,91.75518036,2,1
1682,110.2077619,82.15854469,41,0,258.17398,0.413078368,0.075837969,203.7874396,1404.185725,41,0,0,99.20888519,140.8479614,2,1
1683,110.2077619,82.15854469,24,2,291.4212354,0.466273977,0.087875543,241.253911,1615.470647,24,15,0.625,109.2374191,147.0977936,2,1
1684,110.2077619,82.15854469,4,2,323.9601385,0.518336222,0.049298471,366.362545,1761.370716,4,0,0,112.5986938,158.4864655,2,1
1685,110.2077619,82.15854469,3,0,222.2278782,0.355564605,0.02986576,567.7539204,2728.261396,3,0,0,131.039566,119.0464172,2,1
1686,110.2077619,82.15854469,10,0,235.8780704,0.377404913,0.016936297,464.5583634,2689.81305,10,0,0,122.8401871,93.08792114,2,1
1687,110.2077619,82.15854469,32,1,226.9547135,0.363127542,0.032300946,364.4933974,3009.901739,32,0,0,111.3978653,151.1211853,2,1
1688,110.2077619,82.15854469,12,1,164.5920871,0.263347339,0.010561701,719.8019208,3658.976839,12,0,0,120.9262466,89.49504089,2,1
1690,110.2077619,82.15854469,1,1,135.8791452,0.217406632,0.001014002,907.6742788,4837.289924,1,1,1,142.8200226,10.81779861,2,1
1694,110.2077619,82.15854469,1,1,84.42225185,0.135075603,0.000389621,720.1426859,5169.552603,1,1,1,58.29625702,12.27603817,2,1
1713,110.2077619,82.15854469,1,0,106.3749483,0.612920755,0.697677824,35.20171674,3941.36742,1,0,0,94.13543701,135.3072662,1,1
1716,110.2077619,82.15854469,1,0,66.49573085,0.311480531,0.003609273,108.8680556,4273.808015,1,0,0,108.1763077,30.33090782,1,1
1718,110.2077619,82.15854469,8,0,43.55332497,0.159918507,0.004318307,191.8773842,4403.472396,8,0,0,131.3647766,78.09492493,1,1
1721,110.2077619,82.15854469,11,0,225.7868056,0.650316372,0.323958176,57.24511931,3727.91829,11,0,0,83.85971069,181.9410858,1,1
1722,110.2077619,82.15854469,1,0,185.2446725,0.571161937,0.061695525,76.86805556,3717.281608,1,0,0,80.39807892,197.6848145,1,1
1723,110.2077619,82.15854469,3,0,101.630946,0.469031605,0.069404149,91.32871972,3663.113331,3,0,0,76.14870453,286.509491,1,1
1725,110.2077619,82.15854469,6,0,83.40264951,0.459757246,1.494910332,147.4135021,3856.407027,6,0,0,119.5175323,882.5334473,1,1
1726,110.2077619,82.15854469,1,0,95.47198162,0.478174892,0.006138322,202.6568266,4276.54683,1,0,0,148.6013184,83.45532227,1,1
1734,110.2077619,82.15854469,54,0,114.4432395,0.202003585,0.016700019,452.1542553,3723.188154,54,0,0,130.7648468,51.32120514,1,1
1735,110.2077619,82.15854469,4,0,103.1747547,0.165079608,0.013342245,1071.965978,3783.220974,4,0,0,136.834671,54.43593597,1,1
1738,110.2077619,82.15854469,1,0,11.84212798,0.018947405,0.001200736,958.3163017,2337.982286,1,0,0,115.4414444,37.37532806,1,1
1741,110.2077619,82.15854469,2,0,109.2851375,0.17485622,0.000163772,1019.118149,3296.261148,2,0,0,151.4471283,1.490690231,1,1
1742,110.2077619,82.15854469,2,0,109.2851375,0.17485622,0.000274063,1162.171569,3973.887271,2,0,0,130.5155182,0.457277179,1,1
1779,110.2077619,82.15854469,24,0,256.5918999,0.41054704,0.153610082,59.8569697,892.3633531,24,0,0,61.86811447,228.3805084,2,1
1780,110.2077619,82.15854469,63,0,396.774677,0.634839483,0.515187504,25.31801693,1594.292619,63,0,0,99.36450195,271.9086609,2,1
1781,110.2077619,82.15854469,12,0,227.0508442,0.363281351,0.054182612,45.7859734,1624.404725,12,0,0,86.77986145,172.4052734,2,1
1782,110.2077619,82.15854469,2,0,315.4370595,0.504699295,0.179951941,22.86666667,1322.263176,2,0,0,95.0072403,177.7007141,2,1
1783,110.2077619,82.15854469,2,0,294.704567,0.471527307,0.171490571,90.37665463,1270.364055,2,0,0,108.8401413,181.9633942,2,1
1784,110.2077619,82.15854469,4,0,352.872886,0.564596618,0.039552447,175.7614458,1685.899585,4,0,0,105.3934708,116.4429092,2,1
1785,110.2077619,82.15854469,10,0,350.9174232,0.561467877,0.045066258,293.4579327,1743.034709,10,0,0,132.3407745,115.28936,2,1
1786,110.2077619,82.15854469,32,2,309.1663801,0.494666208,0.039455746,405.7647768,2112.372762,32,10,0.3125,123.6165466,121.5344086,2,1
1787,110.2077619,82.15854469,13,2,338.9605853,0.542336937,0.03946789,503.2819277,2353.770834,13,0,0,130.9513702,115.3680649,2,1
1788,110.2077619,82.15854469,15,0,187.1302877,0.29940846,0.019656468,609.7170264,2729.946276,15,0,0,137.994812,92.41298676,2,1
1789,110.2077619,82.15854469,2,1,214.000996,0.342401594,0.014892328,537.4232614,2369.964437,2,0,0,141.9260559,92.86107635,2,1
1790,110.2077619,82.15854469,19,3,234.2097636,0.374735622,0.014718953,577.3800959,2939.241241,19,8,0.421052632,133.0354919,92.82434082,2,1
1839,110.2077619,82.15854469,5,0,150.9502845,0.241520455,0.002049095,664.8484848,3842.406466,5,0,0,119.9170074,22.12919235,1,1
1840,110.2077619,82.15854469,4,0,39.45144501,0.063122312,0.000348918,1022.323636,3810.536891,4,0,0,143.6095428,10.05362797,1,1
1841,110.2077619,82.15854469,501,0,54.89273224,0.087828372,0.00067905,760.631068,2513.739811,501,0,0,151.6119385,179.4243469,1,1
1842,110.2077619,82.15854469,1,0,59.50258829,0.095204141,0.000571264,876.0341048,2672.70743,1,0,0,139.5105591,23.60294724,1,1
1879,110.2077619,82.15854469,1,0,33.17564454,0.213391192,0.080533014,62.55882353,407.1925817,1,0,0,40.33604431,142.0806732,2,1
1880,110.2077619,82.15854469,4,0,304.1949469,0.498489787,0.053062032,108.3731343,500.9365613,4,0,0,46.69015503,124.5286331,2,1
1881,110.2077619,82.15854469,17,0,280.5111343,0.448817815,0.01895868,64.75786925,859.6554364,17,0,0,77.78088379,135.5157471,2,1
1882,110.2077619,82.15854469,4,0,271.6416118,0.434626579,0.131207254,54.70687575,1186.303594,4,0,0,94.14004517,172.1859131,2,1
1883,110.2077619,82.15854469,9,0,231.2471607,0.369995457,0.51281749,23.60675513,1446.486472,9,0,0,72.78338623,245.2917938,2,1
1884,110.2077619,82.15854469,24,0,162.0569737,0.259291158,0.293384784,24.98914355,1557.827731,24,0,0,85.60270691,231.9334259,2,1
1885,110.2077619,82.15854469,2,0,194.9635467,0.311941675,0.060393569,41.97954272,1309.104789,2,0,0,102.7914047,185.3137665,2,1
1886,110.2077619,82.15854469,7,0,253.8530778,0.406164925,0.288601943,42.65180723,1382.661523,7,0,0,101.2054138,251.6485443,2,1
1887,110.2077619,82.15854469,11,1,328.8636336,0.526181814,0.057626641,237.1968599,1465.611278,11,1,0.090909091,133.4603271,146.2251434,2,1
1889,110.2077619,82.15854469,19,1,193.4018389,0.309442942,0.013305319,562.4071856,3636.751213,19,1,0.052631579,150.5969849,69.07998657,2,1
1890,110.2077619,82.15854469,7,0,133.0138991,0.212822239,0.005121926,908.7098321,3342.748233,7,0,0,164.7319641,34.73616409,2,1
1892,110.2077619,82.15854469,3,0,204.1458646,0.326633383,0.005099125,859.294964,2880.435737,3,0,0,146.5701752,65.37526703,2,1
1893,110.2077619,82.15854469,9,0,165.7000143,0.265120023,0.011305188,859.6958084,3202.600917,9,0,0,153.4783936,62.4723587,2,1
1894,110.2077619,82.15854469,2,0,64.50263538,0.103204217,0.001875973,1467.406475,4663.286088,2,0,0,145.0077057,4.580206394,2,1
1895,110.2077619,82.15854469,1,2,112.3797888,0.179807662,0.001355843,1038.307049,4942.365154,1,0,0,121.6057739,39.73709106,2,1
1943,110.2077619,82.15854469,32,0,109.9215572,0.175874492,0.001151489,966.783555,4224.028983,32,0,0,143.9766083,14.12163544,1,1
1944,110.2077619,82.15854469,1,0,0,0,0.000375716,1356.369249,3303.507319,1,0,0,177.2813873,27.86507416,1,1
1945,110.2077619,82.15854469,2,0,78.43393021,0.125494288,0.000616654,652.2706311,2614.681545,2,0,0,156.3289032,18.82820702,1,1
1982,110.2077619,82.15854469,7,0,232.5684054,0.431591092,0.550281823,48.70308123,809.0336163,7,0,0,75.62663269,467.3280029,2,1
1983,110.2077619,82.15854469,4,0,334.2739823,0.534838372,0.215635306,37.04975728,1091.210178,4,0,0,93.1448288,127.0681229,2,1
1984,110.2077619,82.15854469,1,0,344.9319327,0.551891092,0.110960271,54.53125,1594.571775,1,0,0,100.4421082,149.0361023,2,1
1985,110.2077619,82.15854469,1,0,188.1345691,0.301015311,0.184026281,62.46144578,1369.671429,1,0,0,79.34767151,191.9047089,2,1
1986,110.2077619,82.15854469,9,0,219.1620724,0.350659316,0.224937332,83.82870929,1651.07541,9,0,0,92.4259491,242.9773407,2,1
1987,110.2077619,82.15854469,4,0,83.27965613,0.13324745,0.179624325,62.88447653,1480.603092,4,0,0,95.51770782,189.3118591,2,1
1988,110.2077619,82.15854469,3,0,218.2181161,0.349148986,0.043784978,58.83313325,1590.519,3,0,0,103.7934341,182.3260193,2,1
1989,110.2077619,82.15854469,6,0,247.5469843,0.396075175,0.014620097,140.2019231,1733.146765,6,0,0,135.2975769,91.87362671,2,1
1990,110.2077619,82.15854469,7,1,201.2758318,0.322041331,0.067821282,526.2641056,2479.246842,7,1,0.142857143,150.9917908,132.3352509,2,1
1991,110.2077619,82.15854469,14,1,161.3480464,0.258156874,0.012842196,820.0551559,3434.575527,14,14,1,151.7200012,41.33124924,2,1
1992,110.2077619,82.15854469,2,1,0,0,0.001540074,1139.884892,4903.965977,2,2,1,158.8019714,4.902858734,2,1
1994,110.2077619,82.15854469,2,0,105.4307627,0.16868922,0.003323173,820.4486874,4503.622235,2,0,0,138.3864746,13.76066017,2,1
1995,110.2077619,82.15854469,5,0,211.8329347,0.338932696,0.00779443,814.0191159,3812.719942,5,0,0,145.1845551,68.22467041,2,1
1999,110.2077619,82.15854469,1,0,0,0,0.000229184,696.5804529,4968.836943,1,0,0,29.83375549,0,2,1
2046,110.2077619,82.15854469,16,0,0,0,0.000117849,1054.964891,3763.945512,16,0,0,160.1694031,1.090043187,1,1
2048,110.2077619,82.15854469,1,0,149.2915615,0.238866498,0.000343004,658.1025332,3546.246041,1,0,0,127.5832825,23.00092125,1,1
2049,110.2077619,82.15854469,155,0,125.5727609,0.200916417,0.029565687,694.6824242,3871.715433,155,0,0,138.8239899,428.5590515,1,1
2084,110.2077619,82.15854469,112,0,609.5387586,0.975262014,2.127553347,31.07281553,423.2320356,112,0,0,24.76066399,1425.949341,2,1
2085,110.2077619,82.15854469,28,0,566.8227207,0.906916353,0.140915989,42.26360339,969.054346,28,0,0,108.319313,103.7345581,2,1
2086,110.2077619,82.15854469,5,0,549.6376055,0.879420169,0.354571979,26.66305656,1257.195882,5,0,0,102.2898788,168.71492,2,1
2087,110.2077619,82.15854469,2,0,616.284228,0.986054765,0.096841086,38.28192771,1758.965761,2,0,0,102.6717453,136.1384277,2,1
2088,110.2077619,82.15854469,3,0,297.7407854,0.476385257,0.043995238,74.1576414,2022.489816,3,0,0,99.29875183,151.0466003,2,1
2089,110.2077619,82.15854469,3,0,270.1137359,0.432181977,0.059972422,118.3927711,2054.605798,3,0,0,109.7558517,162.4801636,2,1
2090,110.2077619,82.15854469,3,1,197.4639782,0.315942365,0.023851019,304.7752404,2642.55265,3,0,0,134.3787842,65.88813782,2,1
2091,110.2077619,82.15854469,4,1,52.60657477,0.08417052,0.012844342,321.9282297,3044.380627,4,1,0.25,140.6369934,63.27013016,2,1
2092,110.2077619,82.15854469,128,1,184.8009936,0.29568159,0.013650406,341.2011976,3073.494949,128,0,0,148.1958923,81.39200592,2,1
2094,110.2077619,82.15854469,1,1,124.4363029,0.199098085,0.003119113,950.257485,4314.979261,1,0,0,147.0860291,16.81368446,2,1
2095,110.2077619,82.15854469,1,1,101.264299,0.162022878,0.001882968,882.9892601,4756.60637,1,1,1,126.0375214,6.998604298,2,1
2096,110.2077619,82.15854469,4,0,124.0264363,0.198442298,0.000338636,852.8078759,4668.130971,4,0,0,107.8717422,46.36029053,2,1
2098,110.2077619,82.15854469,1,0,71.68138403,0.114690214,0.000685097,1095.821002,5132.273901,1,0,0,100.6683807,1.268706441,2,1
2186,110.2077619,82.15854469,236,0,168.0523556,0.296911818,1.579240133,51.3368984,597.7542457,236,0,0,28.83483887,1453.484497,2,1
2187,110.2077619,82.15854469,93,0,270.2884939,0.43246159,1.580657326,32.63614458,821.6246666,93,0,0,50.27566528,1045.61853,2,1
2188,110.2077619,82.15854469,10,0,262.3972543,0.419835607,0.455755005,44.60481928,1293.8836,10,0,0,114.5218048,181.6311646,2,1
2189,110.2077619,82.15854469,14,0,555.5511548,0.888881848,0.586268611,30.51682692,1254.222561,14,0,0,103.5511551,240.2843933,2,1
2190,110.2077619,82.15854469,4,0,539.8528686,0.86376459,0.223651575,36.65824308,1428.704404,4,0,0,114.8165131,179.7656708,2,1
2191,110.2077619,82.15854469,7,0,581.1679736,0.929868758,0.182317635,43.86899038,1568.533691,7,0,0,117.5003052,204.5642548,2,1
2192,110.2077619,82.15854469,7,0,617.7250989,0.988360158,0.066704461,171.1414868,2207.411417,7,0,0,134.5913239,129.5084076,2,1
2194,110.2077619,82.15854469,3,2,125.6615703,0.201058512,0.000628185,1241.767943,5100.637726,3,3,1,144.9202576,2.749795675,2,1
2195,110.2077619,82.15854469,25,1,211.8538415,0.338966146,0.001581497,659.8023952,4511.661402,25,17,0.68,135.4465179,13.61514473,2,1
2196,110.2077619,82.15854469,1,0,105.7602973,0.169216476,0.001120649,881.0238663,4828.402733,1,0,0,131.0843353,5.009110451,2,1
2197,110.2077619,82.15854469,2,0,74.46504937,0.119144079,0.000346702,1034.157706,5150.427123,2,0,0,108.6129608,4.822063923,2,1
2199,110.2077619,82.15854469,5,0,113.8778355,0.182204537,8.39574507788692E-05,960.7386635,5311.658859,5,0,0,89.19153595,47.2708931,2,1
2287,110.2077619,82.15854469,2,0,66.6243574,0.228015732,0.294213241,44.98963731,470.922926,2,0,0,42.75356674,160.0300903,2,1
2288,110.2077619,82.15854469,10,0,134.6625233,0.222449341,1.010825609,22.97880299,495.0058224,10,0,0,25.34141541,495.4889832,2,1
2289,110.2077619,82.15854469,66,0,260.1257265,0.416201162,1.354811408,19.43080626,791.8294071,66,0,0,50.69598389,566.0028076,2,1
2290,110.2077619,82.15854469,198,0,263.2913686,0.42126619,0.719777106,36.99399038,1643.096334,198,0,0,107.149971,348.0323792,2,1
2291,110.2077619,82.15854469,20,0,325.6084004,0.520973441,0.613586664,37.48259304,1558.103295,20,0,0,110.5228882,206.2787476,2,1
2292,110.2077619,82.15854469,2,0,257.7575714,0.412412114,0.154591612,90.46818727,1806.43327,2,0,0,110.35466,129.3656769,2,1
2294,110.2077619,82.15854469,25,0,247.851982,0.396563171,0.063641566,149.3952096,2439.145202,25,0,0,131.7853851,161.3722076,2,1
2295,110.2077619,82.15854469,10,1,486.8766991,0.779002719,0.095097731,332.6666667,3062.565317,10,3,0.3,141.3582153,123.825325,2,1
2296,110.2077619,82.15854469,8,2,532.5763296,0.852122127,0.03615221,334.6440476,3570.628472,8,7,0.875,159.3770905,83.95822906,2,1
2297,110.2077619,82.15854469,2,2,152.1581843,0.243453095,0.003020795,917.5263158,5008.926728,2,2,1,150.6334534,10.81842232,2,1
2389,110.2077619,82.15854469,3,0,119.1795757,0.287658475,0.526892531,33.0511883,677.4408499,3,0,0,54.21406937,164.8102112,2,1
2390,110.2077619,82.15854469,9,0,183.6415987,0.293826558,0.439662062,36.99398315,1041.037822,9,0,0,87.89498138,109.6438828,2,1
2392,110.2077619,82.15854469,13,0,270.0578314,0.43209253,0.069527017,44.19759036,1595.341573,13,0,0,118.2920227,107.5588837,2,1
2393,110.2077619,82.15854469,4,0,266.1117219,0.425778755,0.047513425,62.7626506,1753.188859,4,0,0,108.9777985,97.54454041,2,1
2394,110.2077619,82.15854469,14,0,207.3686845,0.331789895,0.315448278,86.56526946,1781.855605,14,0,0,114.9141006,163.4208221,2,1
2395,110.2077619,82.15854469,2,0,222.8657852,0.356585256,0.041708867,314.041866,2707.163233,2,0,0,121.8701248,59.12380219,2,1
2396,110.2077619,82.15854469,1,0,60.70441853,0.09712707,0.004309612,764.9928144,3996.210115,1,0,0,133.4100952,47.60066223,2,1
2397,110.2077619,82.15854469,3,1,99.4123063,0.15905969,0.002287754,916.7646356,4797.405236,3,0,0,142.9527283,27.19490242,2,1
2398,110.2077619,82.15854469,2,2,466.1861418,0.745897827,0.01872811,550.2979738,4644.016402,2,2,1,145.1324768,21.92241096,2,1
2399,110.2077619,82.15854469,25,2,190.0138719,0.304022195,0.001663869,734.0119332,4913.339198,25,25,1,148.8508606,4.111971378,2,1
2401,110.2077619,82.15854469,1,1,0.278516345,0.000445626,0.000127883,969.797619,4917.920936,1,0,0,75.01254272,0.83601135,2,1
2492,110.2077619,82.15854469,31,0,268.5184268,0.429629483,0.924725214,16.77590361,1232.743936,31,0,0,79.99017334,209.4420319,2,1
2493,110.2077619,82.15854469,4,0,207.6209127,0.33219346,0.172686465,80.48859544,1722.956391,4,0,0,107.4035339,87.59074402,2,1
2494,110.2077619,82.15854469,2,0,146.1043328,0.233766932,0.051198405,108.3052885,2036.362167,2,0,0,123.0715714,73.92303467,2,1
2495,110.2077619,82.15854469,1,0,198.6461472,0.317833835,0.02053579,100.0407186,1811.635467,1,0,0,128.4589539,75.27826691,2,1
2496,110.2077619,82.15854469,3,0,164.0334095,0.262453455,0.109927191,124.7302158,1955.165407,3,0,0,105.3859406,138.7351685,2,1
2497,110.2077619,82.15854469,20,0,159.3103964,0.254896634,0.01681516,203.757177,2967.429789,20,0,0,131.645462,46.3834877,2,1
2498,110.2077619,82.15854469,2,0,98.92148595,0.158274378,0.018981088,409.9222488,3671.003245,2,0,0,133.0697784,43.39247894,2,1
2499,110.2077619,82.15854469,3,0,24.56273732,0.03930038,0.007138278,596.1170848,4570.748485,3,0,0,146.717392,25.53592491,2,1
2594,110.2077619,82.15854469,125,0,67.64790193,0.108236643,1.873690227,24.68998794,679.3681628,125,0,0,51.40063095,434.0221863,2,1
2595,110.2077619,82.15854469,29,0,192.3611879,0.307777901,1.209099653,16.47601918,1330.842942,29,0,0,79.46009064,229.1527252,2,1
2596,110.2077619,82.15854469,7,0,171.1988242,0.273918119,0.508727869,33.93870192,1847.671967,7,0,0,108.626915,175.0016174,2,1
2597,110.2077619,82.15854469,13,0,245.2060138,0.392329622,0.205683978,71.63669065,2283.057003,13,0,0,103.7450333,120.2021713,2,1
2598,110.2077619,82.15854469,2,0,224.568102,0.359308963,0.191089849,146.8347305,2351.283994,2,0,0,115.5966034,182.7158966,2,1
2599,110.2077619,82.15854469,82,0,11.85646128,0.018970338,0.022654396,255.9355609,2634.365028,82,0,0,129.5075531,52.71731949,2,1
2600,110.2077619,82.15854469,1,0,0,0,0.005427366,527.699284,3900.957049,1,0,0,131.8031464,23.84126282,2,1
2697,110.2077619,82.15854469,2,0,85.59339016,0.136949424,0.878145669,18.01080432,866.312162,2,0,0,70.75428772,264.5036926,2,1
2698,110.2077619,82.15854469,1,0,127.8273434,0.204523749,0.465958714,49.78605769,1350.812644,1,0,0,108.5323334,150.4340057,3,1
2699,110.2077619,82.15854469,1,0,272.9553892,0.436728623,0.2644651,63.35483871,1629.170553,1,0,0,119.3451385,117.9519043,3,1
2700,110.2077619,82.15854469,5,0,224.4263197,0.359082112,0.420459672,58.72095808,1989.152875,5,0,0,111.8517151,134.6608429,2,1
2701,110.2077619,82.15854469,12,0,147.9221617,0.236675459,0.173325897,229.7520858,2729.304741,12,0,0,127.8000717,113.2502823,2,1
2703,110.2077619,82.15854469,3,0,78.66151181,0.125858419,0.039755999,439.5143198,4351.121201,3,0,0,129.0529327,79.80239868,2,1
2704,110.2077619,82.15854469,89,0,165.4994976,0.264799196,0.00128767,580.2889417,4758.466687,89,0,0,138.0151672,3.649017572,2,1
2709,110.2077619,82.15854469,13,0,160.3171331,0.256507413,0.000400457,533.1465721,4152.127427,13,0,0,46.4159584,56.39906693,3,1
2800,110.2077619,82.15854469,7,0,185.9716665,0.297554666,1.256590215,9.637125749,835.1986973,7,0,0,52.69965744,411.6634216,3,1
2801,110.2077619,82.15854469,5,0,296.6628112,0.474660498,0.55701774,45.31937799,1634.649702,5,0,0,91.38082123,270.6129761,3,1
2802,110.2077619,82.15854469,6,0,260.5161943,0.416825911,0.067685362,81.9749702,2331.327116,6,0,0,115.4823837,90.30166626,3,1
2803,110.2077619,82.15854469,2,2,190.0496515,0.304079442,0.157953683,188.5894988,2605.235955,2,0,0,134.7308807,100.7146149,3,1
2804,110.2077619,82.15854469,1,1,202.6614079,0.324258253,0.266424683,282.6928571,2689.450772,1,0,0,141.0861206,107.1915512,3,1
2806,110.2077619,82.15854469,5,0,54.96675783,0.087946813,0.050782189,300.9264531,3691.605074,5,0,0,139.2315826,137.5258789,2,1
2902,110.2077619,82.15854469,12,0,147.2470476,0.235595276,0.989747887,21.94138756,712.8289858,12,0,0,32.96527481,386.1062012,3,1
2903,110.2077619,82.15854469,18,0,234.5980046,0.375356807,0.746318853,22.44004796,1057.068768,18,0,0,60.49872589,288.8106079,3,1
2904,110.2077619,82.15854469,79,0,235.8514793,0.377362367,0.749081552,22.04038005,1292.916311,79,0,0,92.31394196,280.7750854,3,1
2905,110.2077619,82.15854469,18,0,221.436362,0.354298179,0.28160605,81.3062201,1985.833578,18,0,0,132.408783,171.714325,3,1
2906,110.2077619,82.15854469,39,1,178.5041041,0.285606567,0.009874709,590.8119048,3485.847284,39,8,0.205128205,137.0219269,49.27344131,3,1
2909,110.2077619,82.15854469,1,0,60.78545536,0.097256729,0.001558637,742.0095238,4644.748665,1,0,0,130.7157898,30.26712608,3,1
2910,110.2077619,82.15854469,3,0,249.6197255,0.399391561,0.007528071,348.188902,3989.790089,3,0,0,132.4689331,56.06613541,3,1
3005,110.2077619,82.15854469,2,0,145.6110646,0.232977703,0.627228334,25.67741935,713.951937,2,0,0,44.27135086,282.4954529,3,1
3006,110.2077619,82.15854469,30,0,191.8564346,0.306970295,0.531679331,19.7491082,976.100431,30,0,0,66.87322235,255.0984802,3,1
3007,110.2077619,82.15854469,4,0,274.4935979,0.439189757,0.104473921,87.37067938,2050.932669,4,0,0,120.9126053,105.198822,3,1
3008,110.2077619,82.15854469,5,0,247.9642125,0.39674274,0.410720687,122.4419431,2305.014641,5,0,0,133.9002686,298.7826538,3,1
3009,110.2077619,82.15854469,5,1,105.3446207,0.168551393,0.039254656,542.6944114,4001.05766,5,0,0,133.3628082,51.11396408,3,1
3011,110.2077619,82.15854469,2,0,78.94175285,0.126306805,6.7096348843081E-05,503.5609467,4704.070296,2,0,0,125.6844254,21.0434227,3,1
3012,110.2077619,82.15854469,3,0,150.2652534,0.240424406,0.00015549,470.2617925,4576.370611,3,0,0,127.9802017,36.12314224,3,1
3107,110.2077619,82.15854469,5,1,150.5764801,0.240922368,0.659817236,27.28042959,596.4882709,5,0,0,29.55872726,308.0263672,3,1
3108,110.2077619,82.15854469,13,0,191.4867552,0.306378808,0.906477268,30.76904762,1279.556612,13,0,0,56.88761139,616.9708862,3,1
3109,110.2077619,82.15854469,161,0,102.9837383,0.164773981,0.259830624,97.66706444,2639.537565,161,0,0,114.9801712,351.4732056,3,1
3111,110.2077619,82.15854469,17,0,247.8404771,0.396544763,0.315619785,165.7945368,3134.901758,17,0,0,121.3278732,271.8041992,3,1
3112,110.2077619,82.15854469,3,0,56.38162107,0.090210594,0.000807512,583.865566,4693.599662,3,0,0,121.7347488,4.931482315,3,1
3114,110.2077619,82.15854469,4,0,56.714051,0.090742482,0.000113654,483.3129412,4607.619322,4,0,0,114.1694336,48.93626404,3,1
3115,110.2077619,82.15854469,1,0,41.86843832,0.066989501,4.79977537790993E-05,862.0968123,4913.245789,1,0,0,117.4222794,30.8644886,3,1
3209,110.2077619,82.15854469,3,0,143.1192843,0.228990855,0.662411532,24.7326969,563.3212052,3,0,0,29.58584213,276.8157043,3,1
3210,110.2077619,82.15854469,1,0,153.1452131,0.245032341,0.263325407,98.03321471,1529.082617,1,0,0,94.74526215,135.4183807,3,1
3211,110.2077619,82.15854469,13,0,197.9938003,0.31679008,0.112450226,143.6900238,2925.067192,13,0,0,148.4517975,100.8973465,3,1
3214,110.2077619,82.15854469,110,0,17.57226043,0.028115617,0.018518806,284.8080569,4093.380463,110,0,0,135.9222717,59.073246,3,1
3217,110.2077619,82.15854469,3,0,65.68298086,0.105092769,0.00022086,482.4324645,5058.352126,3,0,0,109.2701797,27.78792381,3,1
3218,110.2077619,82.15854469,5,0,51.5342466,0.082454795,3.53692854231923E-05,850.0411281,5429.077029,5,0,0,120.1949081,5.25417757,3,1
3220,110.2077619,82.15854469,1,0,9.972927192,0.015956684,2.09204740627374E-05,1092.745902,5125.461266,1,0,0,92.45575714,1.72500813,3,1
3311,110.2077619,82.15854469,2,0,2.712098323,0.004339357,0.513688082,80.45011876,619.1592141,2,0,0,41.19975281,367.599823,3,1
3313,110.2077619,82.15854469,9,0,276.8112566,0.442898011,0.405069149,72.79310345,1670.319065,9,0,0,119.1366348,163.9315796,3,1
3315,110.2077619,82.15854469,1,0,92.45380234,0.147926084,0.004512917,518.9905325,4118.553314,1,0,0,154.4802704,25.58069992,3,1
3316,110.2077619,82.15854469,6,0,52.26748507,0.083627976,0.014035764,381.5770142,4222.894569,6,0,0,142.9286652,54.60475922,3,1
3317,110.2077619,82.15854469,16,0,16.2825378,0.02605206,0.000668678,405.4911661,4471.608842,16,0,0,125.9589233,47.28807449,3,1
3318,110.2077619,82.15854469,7,0,46.08816739,0.073741068,0.000298403,532.2538371,5134.417956,7,0,0,107.7205658,18.61485291,3,1
3320,110.2077619,82.15854469,10,0,0,0,8.49125141537458E-05,1391.180212,5249.569737,10,0,0,95.68205261,5.603766918,3,1
3321,110.2077619,82.15854469,15,0,54.68049245,0.087488788,6.58086384304196E-05,668.6725352,5172.89963,15,0,0,88.86412048,0,3,1
3322,110.2077619,82.15854469,5,0,108.4381685,0.17350107,0.000203585,586.4232122,4764.758561,5,0,0,51.88654327,19.26616096,3,1
3412,110.2077619,82.15854469,34,0,0.334441341,0.000535106,1.297902164,34.13690476,452.6608871,34,0,0,26.94334602,717.5819092,3,1
3413,110.2077619,82.15854469,1,1,19.8837602,0.031814016,0.084407861,74.16527943,880.0026498,1,0,0,52.65018463,206.7500153,3,1
3415,110.2077619,82.15854469,2,0,140.9241835,0.225478694,0.048861003,212.2686391,2199.478445,2,0,0,124.6910553,69.75395203,3,1
3416,110.2077619,82.15854469,1,0,385.2334529,0.616373525,0.177226343,123.9929078,1939.321077,1,0,0,120.9063644,117.0880737,3,1
3417,110.2077619,82.15854469,17,0,256.0752003,0.409720321,0.012280728,392.5082547,3252.099712,17,0,0,153.4996338,31.70615959,3,1
3418,110.2077619,82.15854469,5,0,98.7066161,0.157930586,0.00539362,550.0331361,4145.14094,5,0,0,152.9987488,32.09518433,3,1
3420,110.2077619,82.15854469,7,0,109.6864054,0.175498249,0.000211054,577.9905771,5053.012166,7,0,0,113.8762894,5.331624985,3,1
3421,110.2077619,82.15854469,6,0,100.0874045,0.160139847,0.000419863,511.5868545,5075.207632,6,0,0,102.8376465,7.508319855,3,1
3422,110.2077619,82.15854469,15,0,0,0,0.000183296,703.2253521,4940.703233,15,0,0,103.6855087,18.34691048,3,1
3423,110.2077619,82.15854469,3,0,0,0,0.00016271,956.8840749,5169.641644,3,0,0,81.349617,0,3,1
3424,110.2077619,82.15854469,3,1,28.40301557,0.045444825,7.85647244834437E-05,563.3290398,5155.855531,3,0,0,61.72507095,25.3320179,3,1
3425,110.2077619,82.15854469,26,0,0,0,7.92039556144431E-05,711.0328253,5305.602495,26,0,0,54.66615295,16.07362366,3,1
3515,110.2077619,82.15854469,3,0,0,0,0.921189951,31.07619048,653.9449474,3,0,0,43.03233337,612.6893921,3,1
3516,110.2077619,82.15854469,21,0,24.26119935,0.038817919,0.243320405,92.64887307,1241.891729,21,0,0,72.47545624,432.9101563,3,1
3517,110.2077619,82.15854469,2,0,0,0,0.004832896,381.5543735,2536.661756,2,0,0,110.3194122,64.33709717,3,1
3518,110.2077619,82.15854469,8,0,80.63716379,0.129019462,0.048258389,139.063981,2590.134111,8,0,0,109.6051025,152.164856,3,1
3519,110.2077619,82.15854469,8,0,178.2623204,0.285219713,0.0098882,410.3466981,2938.602961,8,0,0,131.5059814,64.11080933,3,1
3520,110.2077619,82.15854469,11,0,211.2983134,0.338077301,0.017759151,419.1869822,3622.619768,11,0,0,148.0095215,38.38698959,3,1
3521,110.2077619,82.15854469,92,0,190.6572792,0.305051647,0.007637234,634.9048179,4106.432306,92,0,0,138.5590973,24.01000404,3,1
3523,110.2077619,82.15854469,32,0,99.87162317,0.159794597,9.54015103644011E-05,986.5365566,5091.385187,32,0,0,114.9183197,17.58568573,3,1
3524,110.2077619,82.15854469,13,0,53.99923708,0.086398779,0.000262095,621.302924,5017.227089,13,0,0,108.2722702,5.782257557,3,1
3525,110.2077619,82.15854469,29,0,0,0,0.000150271,465.6737089,4940.101548,29,0,0,108.8280182,6.418940544,3,1
3526,110.2077619,82.15854469,26,0,20.38587654,0.032617402,0.000182991,457.9205607,5133.52063,26,0,0,69.93888855,22.40955544,3,1
3527,110.2077619,82.15854469,19,0,6.849877152,0.010959803,0.000150351,554.981352,5341.006367,19,0,0,62.78221893,2.585683346,3,1
3528,110.2077619,82.15854469,6,0,0,0,0.000120272,597.8028005,5095.430405,6,0,0,78.40372467,22.49267387,3,1
3615,110.2077619,82.15854469,5,1,18.74369201,0.029989907,0.626047339,82.83273596,603.929269,5,0,0,48.5552597,331.7869568,3,1
3616,110.2077619,82.15854469,2,0,30.37198805,0.048595181,0.200688743,80.04631829,634.4999176,2,0,0,50.00539398,274.3686218,3,1
3617,110.2077619,82.15854469,7,0,69.57913248,0.111326612,0.179268441,54.46563981,737.7369811,7,0,0,66.39949036,235.6289063,3,1
3618,110.2077619,82.15854469,1,0,0,0,0.305704036,105.7888493,1295.666693,1,0,0,115.5046844,179.9238892,3,1
3619,110.2077619,82.15854469,21,0,0,0,0.242819962,93.69621749,1624.39223,21,0,0,100.822731,231.0449066,3,1
3620,110.2077619,82.15854469,5,0,37.57086555,0.060113385,0.052237144,109.4988152,1990.428017,5,0,0,117.7666168,168.6429443,3,1
3621,110.2077619,82.15854469,3,0,4.382901343,0.007012642,0.021704847,143.4752358,2069.562843,3,0,0,126.5813599,96.94399261,3,1
3623,110.2077619,82.15854469,1,0,14.47333596,0.023157338,0.004012856,620.9389671,3732.809089,1,0,0,145.5152588,39.684021,3,1
3626,110.2077619,82.15854469,3,0,152.5938419,0.244150147,0.000199871,596.7094516,4787.355316,3,0,0,117.6817627,10.89051056,3,1
3627,110.2077619,82.15854469,6,0,70.19349644,0.112309594,7.09834445454452E-05,961.0903756,4739.684836,6,0,0,129.3352356,2.259299278,3,1
3628,110.2077619,82.15854469,4,0,53.33125137,0.085330002,0.000154701,676.4242424,4865.842087,4,0,0,93.95407867,6.776726246,3,1
3629,110.2077619,82.15854469,4,0,18.4893908,0.029583025,0.000388052,391.6093567,4951.838239,4,0,0,59.32223892,8.258155823,3,1
3630,110.2077619,82.15854469,7,0,46.08995963,0.073743935,0.000168003,516.8406977,5038.285015,7,0,0,80.46443176,45.51278305,3,1
3631,110.2077619,82.15854469,3,0,41.98249851,0.067171998,0.000107433,694.7023256,5196.765465,3,0,0,98.52268982,39.30539703,3,1
3717,110.2077619,82.15854469,8,0,110.1973021,0.176315683,0.908404538,38.16825776,593.5567587,8,0,0,40.12798691,370.9416199,3,1
3718,110.2077619,82.15854469,4,0,31.10501147,0.049768018,0.40509905,52.93942993,896.5328651,4,0,0,49.22455215,317.4629822,3,1
3719,110.2077619,82.15854469,1,0,123.5941838,0.197750694,0.141465501,65.70225386,1049.38449,1,0,0,62.11219025,268.3993225,3,1
3720,110.2077619,82.15854469,2,0,181.2712921,0.290034067,0.012257692,169.4626335,1613.250388,2,0,0,107.3328934,97.32103729,3,1
3722,110.2077619,82.15854469,3,0,0,0,0.059739405,151.5988166,2144.705967,3,0,0,128.7934723,173.0306549,3,1
3723,110.2077619,82.15854469,2,0,37.57086555,0.060113385,0.006553049,226.9294118,2982.215419,2,0,0,120.1900635,36.87070084,3,1
3724,110.2077619,82.15854469,13,0,9.09810355,0.014556966,0.109531762,156.6639248,2263.44726,13,0,0,137.4736023,214.8839722,3,1
3726,110.2077619,82.15854469,9,0,0,0,0.001604151,1499.330986,4260.080154,9,0,0,142.7772369,19.31114769,3,1
3727,110.2077619,82.15854469,2,0,0,0,0.000263885,1659.556858,4880.62169,2,0,0,123.0432358,10.15658188,3,1
3728,110.2077619,82.15854469,6,0,0,0,0.000630149,624.3558926,4587.88761,6,0,0,112.875679,74.65293884,3,1
3729,110.2077619,82.15854469,5,0,30.32763763,0.04852422,0.000184828,661.6018735,4656.056867,5,0,0,116.9583588,24.11522102,3,1
3731,110.2077619,82.15854469,4,0,90.08811945,0.144140991,0.00017407,642.6289382,5102.761572,4,0,0,99.71273041,7.133971214,3,1
3732,110.2077619,82.15854469,24,0,36.75686808,0.058810989,0.000460045,431.8141696,5025.795886,24,0,0,89.18837738,34.08178711,3,1
3733,110.2077619,82.15854469,7,0,46.08995963,0.073743935,8.30372785029797E-05,571.9509346,4926.585877,7,0,0,125.9669037,12.9499445,3,1
3820,110.2077619,82.15854469,58,2,194.8106218,0.311696995,0.831048797,27.41399763,715.7524379,58,0,0,55.1163063,439.6054993,3,1
3821,110.2077619,82.15854469,12,2,122.9854642,0.196776743,0.446826413,34.77869822,1239.034612,12,5,0.416666667,73.50800323,409.3614807,3,1
3822,110.2077619,82.15854469,3,0,56.71011772,0.090736188,0.146170949,105.3349112,1889.789434,3,0,0,91.31338501,276.1514893,3,1
3824,110.2077619,82.15854469,2,0,16.86678184,0.026986851,0.03353458,202.9504717,2840.674953,2,0,0,77.08153534,254.7091064,3,1
3825,110.2077619,82.15854469,13,0,0,0,0.106993532,48.65058824,2104.99417,13,0,0,61.19133377,458.2326355,3,1
3826,110.2077619,82.15854469,3,0,85.61772122,0.136988354,0.013068721,118.3717647,2932.883844,3,0,0,99.51267242,136.4475861,3,1
3828,110.2077619,82.15854469,1,0,0,0,0.000758084,1581.169014,4161.831181,1,0,0,141.8505554,6.875806808,3,1
3832,110.2077619,82.15854469,1,0,0,0,0.000146259,861.6289382,4647.85622,1,0,0,133.6655426,19.65814781,3,1
3834,110.2077619,82.15854469,12,0,90.93328887,0.145493262,0.000323012,461.1142191,4955.270048,12,0,0,102.2167282,11.19644737,3,1
3835,110.2077619,82.15854469,6,0,26.91408509,0.043062536,0.010878884,351.8006952,4225.620598,6,0,0,113.9513702,81.14096832,3,1
3836,110.2077619,82.15854469,1,0,0,0,0.000164462,685.7118056,5322.811881,1,0,0,105.5077896,10.45993042,3,1
3922,110.2077619,82.15854469,19,1,30.56655593,0.048906489,0.37288274,28.93238434,837.3708592,19,0,0,61.13965988,245.88591,3,1
3923,110.2077619,82.15854469,25,0,94.0504347,0.150480696,0.429576,33.77843602,1193.112751,25,0,0,68.90538025,496.1720886,3,1
3924,110.2077619,82.15854469,7,0,116.6186616,0.186589859,0.176978598,38.30367734,1205.74295,7,0,0,73.68308258,425.0847168,3,1
3925,110.2077619,82.15854469,1,0,25.86101181,0.041377619,0.032451749,179.0200236,2416.479754,1,0,0,115.2884827,226.5418396,3,1
3926,110.2077619,82.15854469,2,0,28.84867782,0.046157885,0.010489682,145.745583,3164.893477,2,0,0,66.12873077,58.92082596,3,1
3927,110.2077619,82.15854469,9,0,58.65176257,0.09384282,0.143810238,16.64622642,1885.870504,9,0,0,15.64134502,591.4400635,3,1
3928,110.2077619,82.15854469,12,0,19.2652767,0.030824443,0.249199702,16.20564042,1725.717424,12,0,0,23.18037224,784.5759888,3,1
3930,110.2077619,82.15854469,1,0,26.25577096,0.042009234,0.003632889,643.5568581,3770.210247,1,0,0,131.1412811,12.29080772,3,1
3933,110.2077619,82.15854469,8,0,3.190660503,0.005105057,0.000238386,646.7864644,4944.636442,8,0,0,107.7485046,2.241459846,3,1
3934,110.2077619,82.15854469,2,0,0,0,0.000256694,804.4772462,4702.533639,2,0,0,118.6251068,6.159873009,3,1
3935,110.2077619,82.15854469,1,0,0,0,0.000119463,620.8051044,4487.809116,1,0,0,142.2550049,6.902282715,3,1
3936,110.2077619,82.15854469,6,0,64.13575382,0.102617206,0.000181777,434.2302326,4198.510883,6,0,0,135.276947,11.61634541,3,1
3937,110.2077619,82.15854469,21,0,49.51903282,0.079230453,0.020294216,328.6867052,4311.199321,21,0,0,92.24526215,222.9731445,3,1
3938,110.2077619,82.15854469,19,0,26.91408509,0.043062536,0.022336985,308.5749129,4370.659794,19,0,0,89.63514709,134.2657928,3,1
3939,110.2077619,82.15854469,4,0,27.96428047,0.052112962,0.000490762,415.9487871,4944.476245,4,0,0,120.8371735,54.28834534,3,1
4023,110.2077619,82.15854469,77,3,296.6478233,0.474636517,4.090572394,19.51360947,813.7838369,77,14,0.181818182,58.92872238,1063.553711,3,1
4024,110.2077619,82.15854469,129,3,90.09655185,0.144154483,0.968469425,16.55847255,1002.386302,129,0,0,61.60556412,603.9179077,3,1
4025,110.2077619,82.15854469,57,2,142.9469861,0.228715178,0.487773002,30.06139315,1234.181485,57,0,0,85.68334198,379.5267639,3,1
4026,110.2077619,82.15854469,18,4,197.0753199,0.315320512,0.602701646,25.86966825,1614.752739,18,0,0,84.29093933,634.6691284,3,1
4027,110.2077619,82.15854469,11,1,228.0552703,0.364888433,0.073134821,82.72791519,2082.449134,11,0,0,106.4658127,331.9689941,3,1
4028,110.2077619,82.15854469,20,0,154.2554911,0.246808786,0.023554498,226.8488784,3030.713519,20,0,0,107.8911514,77.45122528,3,1
4029,110.2077619,82.15854469,1,0,81.26244055,0.130019905,0.079576822,66.36352941,2290.593852,1,0,0,40.83115768,421.8410339,3,1
4031,110.2077619,82.15854469,2,0,0,0,0.150599768,149.9308324,2607.010911,2,0,0,91.05818939,296.5608521,3,1
4032,110.2077619,82.15854469,18,0,21.28502544,0.034056041,0.032247496,221.0163743,3517.534559,18,0,0,122.7345734,104.9000092,3,1
4033,110.2077619,82.15854469,4,0,24.4502153,0.039120344,0.001094825,661.386231,4229.739952,4,0,0,128.098114,4.605697632,3,1
4034,110.2077619,82.15854469,3,0,8.501948696,0.013603118,0.0033679,523.5845974,4428.855428,3,0,0,121.194664,46.32625198,3,1
4036,110.2077619,82.15854469,1,1,3.190660503,0.005105057,0.000122715,592.9663182,4754.139192,1,0,0,112.4211121,2.487185001,3,1
4037,110.2077619,82.15854469,17,0,0,0,8.66312559915254E-05,357.9768519,4627.720543,17,0,0,115.7224655,6.439005375,3,1
4038,110.2077619,82.15854469,10,0,0,0,0.000456318,379.7147846,4270.923336,10,0,0,137.1658325,21.68201637,3,1
4039,110.2077619,82.15854469,24,0,0,0,0.013608134,258.6300578,3882.389087,24,0,0,107.159668,75.21708679,3,1
4040,110.2077619,82.15854469,63,0,66.07717975,0.105723488,0.140878778,303.067052,4338.343189,63,0,0,88.67839813,332.9764404,3,1
4041,110.2077619,82.15854469,13,0,26.87073836,0.044618896,0.000931571,406.1594724,4758.084,13,0,0,106.8627014,13.03626633,3,1
4042,110.2077619,82.15854469,2,0,26.87073836,0.083450825,0.000123855,529.738255,4879.370643,2,0,0,162.9372101,29.34470558,3,1
4127,110.2077619,82.15854469,36,5,265.6519852,0.425043176,0.920442564,25.20094563,1321.589351,36,0,0,74.93667603,699.6847534,3,1
4128,110.2077619,82.15854469,79,3,303.5584462,0.485693514,0.655217201,51.26153846,1548.524639,79,0,0,105.9342651,458.3829651,3,1
4129,110.2077619,82.15854469,25,3,333.4684366,0.533549499,0.247809134,68.42099057,1770.034197,25,13,0.52,103.9541321,422.5440369,3,1
4130,110.2077619,82.15854469,1,0,99.90461737,0.159847388,0.049789195,157.0023529,2312.204171,1,0,0,130.2406464,184.9122467,3,1
4131,110.2077619,82.15854469,4,0,56.34381343,0.090150101,0.172712014,84.15962441,2258.484312,4,0,0,82.40520477,340.0073242,3,1
4132,110.2077619,82.15854469,3,0,14.98902783,0.023982445,0.325956906,10.78220141,1640.123912,3,0,0,8.614904404,726.505127,3,1
4133,110.2077619,82.15854469,26,0,55.38662447,0.088618599,0.785493512,30.91217799,1925.864822,26,0,0,56.33068466,1212.475464,3,1
4134,110.2077619,82.15854469,8,0,0,0,0.009256013,248.6627635,3297.130519,8,0,0,121.5625381,134.7647095,3,1
4135,110.2077619,82.15854469,28,0,0.881768042,0.001410829,0.003384117,231.796729,3897.710824,28,0,0,133.4698486,33.03695679,3,1
4136,110.2077619,82.15854469,8,0,0,0,0.000196318,451.3438228,4354.407143,8,0,0,126.7153854,9.547060013,3,1
4137,110.2077619,82.15854469,3,0,19.40247908,0.031043967,0.01600376,357.1094296,4162.069234,3,0,0,120.5868301,95.88765717,3,1
4138,110.2077619,82.15854469,4,0,36.24254984,0.05798808,0.005434023,363.4320557,4237.91236,4,0,0,115.7662735,76.4576416,3,1
4139,110.2077619,82.15854469,3,0,20.95451727,0.033527228,0.002277703,348.4252607,4016.447856,3,0,0,107.4728088,37.88722229,3,1
4140,110.2077619,82.15854469,30,0,7.378691445,0.011805906,0.001476265,276.6280417,3899.448144,30,0,0,112.7712555,20.14975548,3,1
4141,110.2077619,82.15854469,22,0,0,0,0.001113448,501.1687861,4432.255574,22,0,0,106.9449844,44.68655777,3,1
4142,110.2077619,82.15854469,3,0,0,0,0.000472136,787.4341801,5155.474954,3,0,0,100.0995865,5.603667736,3,1
4143,110.2077619,82.15854469,2,0,51.6436104,0.082787537,0.00096821,625.09375,4947.273962,2,0,0,112.4237823,44.53718567,3,1
4144,110.2077619,82.15854469,1,0,11.93985633,0.050972821,0.001276555,394.4285714,4190.380023,1,0,0,156.1850128,16.52163696,3,1
4228,110.2077619,82.15854469,3,2,312.2502728,0.830874039,0.318853177,64.04142012,890.6225729,3,0,0,77.78266907,221.4912567,3,1
4229,110.2077619,82.15854469,12,4,418.5299689,0.670218331,0.354881651,54.12544379,791.3961503,12,0,0,65.32327271,196.9722443,3,1
4230,110.2077619,82.15854469,46,4,364.5885461,0.583341674,1.69770746,14.80732861,1230.74677,46,0,0,54.30754852,1270.585449,3,1
4231,110.2077619,82.15854469,100,2,496.0310844,0.793649735,0.694721049,37.72169811,1400.098395,100,11,0.11,102.8982086,647.538147,3,1
4232,110.2077619,82.15854469,12,2,341.1791398,0.545886624,0.075313521,118.8742656,2048.345013,12,0,0,129.6924133,264.2202454,3,1
4234,110.2077619,82.15854469,2,0,35.26469707,0.056423515,0.096704556,50.59016393,1817.5289,2,0,0,38.69906998,401.743927,3,1
4235,110.2077619,82.15854469,4,1,76.23261724,0.121972188,0.107136017,69.65222482,1918.059701,4,0,0,46.98961258,455.1471252,3,1
4236,110.2077619,82.15854469,3,0,24.96499513,0.039943992,0.018408261,204.5644028,3024.405542,3,0,0,110.572731,177.2542725,3,1
4237,110.2077619,82.15854469,8,0,24.64661603,0.039434586,0.003596826,378.0034965,3647.483104,8,0,0,117.5824051,11.28352356,3,1
4238,110.2077619,82.15854469,3,0,0,0,0.0023861,468.505814,4060.384497,3,0,0,129.7835541,8.66988945,3,1
4239,110.2077619,82.15854469,6,0,37.78812357,0.060460998,0.000789207,386.7517401,4304.023525,6,0,0,111.4172897,10.20306206,3,1
4240,110.2077619,82.15854469,19,0,0,0,0.006949287,357.9593496,4048.210173,19,0,0,118.6089706,119.7086334,3,1
4241,110.2077619,82.15854469,10,0,0,0,0.042867073,223.0740741,3600.811198,10,0,0,114.2562408,109.643486,3,1
4242,110.2077619,82.15854469,13,0,18.62790901,0.029804654,0.002311101,293.1446759,3763.053299,13,0,0,118.6439209,22.77396965,3,1
4243,110.2077619,82.15854469,42,0,35.3766925,0.056602708,0.00077751,487.5207852,4357.633101,42,0,0,119.2988205,18.19456863,3,1
4246,110.2077619,82.15854469,1,0,10.2025196,0.057788892,0.008821555,546.2580645,4008.494483,1,0,0,152.5097351,125.2774124,3,1
4329,110.2077619,82.15854469,1,1,0,0,0.582074601,53.38461538,658.1625004,1,0,0,94.55054474,345.1427307,3,1
4330,110.2077619,82.15854469,8,7,38.35694255,0.081533186,0.294444342,71.30188679,877.0939982,8,0,0,82.90527344,264.6565247,3,1
4331,110.2077619,82.15854469,2,2,391.2625919,0.626020147,0.258768682,94.11084906,986.0645686,2,0,0,72.60971832,493.1867371,3,1
4332,110.2077619,82.15854469,30,1,418.8534835,0.670165574,0.274608049,94.49704142,1222.785614,30,0,0,90.69121552,344.4852295,3,1
4333,110.2077619,82.15854469,53,1,268.3975134,0.429436021,0.882761901,23.75382803,1259.035091,53,0,0,56.80451965,747.9941406,3,1
4334,110.2077619,82.15854469,73,2,277.0338656,0.443254185,0.427271048,60.10409357,1768.313025,73,0,0,114.4943085,453.1262817,3,1
4335,110.2077619,82.15854469,2,1,333.2205126,0.53315282,0.028672477,247.8067916,2630.482085,2,0,0,146.1997375,193.1829071,3,1
4336,110.2077619,82.15854469,8,2,132.2068106,0.211530897,0.00940607,241.8385965,2578.706589,8,0,0,127.371376,177.6913605,3,1
4339,110.2077619,82.15854469,3,1,29.57944675,0.047327115,0.004352051,231.0116144,3213.790551,3,0,0,117.6462402,49.10062027,3,1
4340,110.2077619,82.15854469,9,0,51.11322084,0.081781153,0.003170212,287.1023256,3451.044291,9,0,0,117.6877136,25.4974823,3,1
4342,110.2077619,82.15854469,1,0,78.96573161,0.126345171,0.001128662,457.5911731,4232.625581,1,0,0,105.4740753,47.54710007,3,1
4344,110.2077619,82.15854469,1,0,0,0,0.001908857,320.9100346,4028.815207,1,0,0,117.2262955,79.03101349,3,1
4347,110.2077619,82.15854469,1,0,40.64335267,0.12959165,0.000929737,676.5777262,4136.300186,1,0,0,175.067215,20.12338829,3,1
4432,110.2077619,82.15854469,3,2,40.35665339,0.168160451,0.59197158,46.421875,869.2137652,3,0,0,66.43018341,590.2979126,3,1
4433,110.2077619,82.15854469,22,2,182.1630919,0.291460947,0.341944919,57.42924528,1221.392456,22,0,0,88.6044693,487.5462952,3,1
4434,110.2077619,82.15854469,3,2,331.503359,0.530405374,0.069441391,97.19008264,1424.386091,3,0,0,106.316803,339.1990662,3,1
4435,110.2077619,82.15854469,2,0,443.6683281,0.709869325,0.117461572,93.08802817,1413.682741,2,0,0,118.6214371,357.5227051,3,1
4436,110.2077619,82.15854469,30,2,290.9483165,0.465517306,0.351663436,92.39104829,1990.835022,30,0,0,97.53598022,464.7626953,3,1
4437,110.2077619,82.15854469,27,1,380.8639827,0.609382372,0.030187839,268.5309942,2844.401476,27,0,0,129.3061676,82.11221313,3,1
4438,110.2077619,82.15854469,33,3,62.90958352,0.100655334,0.012447456,258.1498829,3305.706764,33,5,0.151515152,138.0306854,81.81636047,3,1
4439,110.2077619,82.15854469,5,1,208.7219638,0.333955142,0.002507261,502.5385514,3609.531004,5,0,0,134.6558685,99.3482666,3,1
4440,110.2077619,82.15854469,9,0,152.990687,0.244785099,0.003381955,345.544289,3142.669442,9,0,0,136.9484711,85.34511566,3,1
4441,110.2077619,82.15854469,5,0,68.86560258,0.110184964,0.009684302,385.0790698,3283.509123,5,0,0,137.6986694,66.55088806,3,1
4443,110.2077619,82.15854469,13,2,17.91071075,0.028657137,0.001917501,428.1009281,3931.477051,13,0,0,117.2070465,7.280398369,3,1
4444,110.2077619,82.15854469,5,0,17.88643563,0.028618297,0.001283674,304.2427746,4138.090725,5,0,0,55.65549469,8.250418663,3,1
4445,110.2077619,82.15854469,12,0,14.53202043,0.023251233,0.001639495,428.9375,4239.303479,12,0,0,56.82522202,3.721560955,3,1
4446,110.2077619,82.15854469,4,1,0,0,0.001186609,571.3506344,4669.401095,4,0,0,98.85413361,10.25340748,3,1
4447,110.2077619,82.15854469,1,0,0,0,0.001798651,462.6843931,3848.646929,1,0,0,125.5292664,120.5378342,3,1
4537,110.2077619,82.15854469,29,3,427.6886262,0.684301802,0.364191992,47.03407756,1728.18007,29,0,0,88.16683197,838.7528076,3,1
4538,110.2077619,82.15854469,11,0,348.8370448,0.558139272,0.147269095,69.24765258,1557.687363,11,0,0,132.4718781,552.4769897,3,1
4539,110.2077619,82.15854469,4,0,228.161159,0.365057854,0.14480482,179.0303738,2374.758274,4,0,0,123.7697449,354.9204407,3,1
4540,110.2077619,82.15854469,4,0,170.4415523,0.272706484,0.01437727,373.5873388,3478.955806,4,0,0,135.1203003,38.87641525,3,1
4541,110.2077619,82.15854469,21,0,143.183261,0.229093218,0.013866495,452.0058411,3829.207446,21,0,0,125.7040405,58.06472015,3,1
4542,110.2077619,82.15854469,19,1,244.0589082,0.390494253,0.008467523,237.4347319,3888.274431,19,0,0,109.6289139,23.91179848,3,1
4543,110.2077619,82.15854469,1,1,167.4937271,0.267989963,0.001837773,377.3240418,3992.95222,1,0,0,103.0578461,6.565769196,3,1
4544,110.2077619,82.15854469,5,0,23.72630167,0.037962083,0.001134574,801.5156794,4332.754464,5,0,0,129.6200256,8.189319611,3,1
4545,110.2077619,82.15854469,10,2,0,0,0.002033264,538.7294798,4006.114387,10,0,0,116.7099304,42.0903244,3,1
4546,110.2077619,82.15854469,6,1,36.67138222,0.058674212,0.002214714,443.4531792,3830.819618,6,1,0.166666667,121.077919,50.3769989,3,1
4547,110.2077619,82.15854469,1,1,36.67138222,0.058674212,0.001403272,613.4988453,4435.0649,1,0,0,89.67660522,23.40815353,3,1
4548,110.2077619,82.15854469,17,1,17.94724462,0.028715591,0.00350273,559.5126728,4229.014308,17,0,0,90.51403809,30.28111649,3,1
4549,110.2077619,82.15854469,12,3,20.93131963,0.03370208,0.023463549,431.8076477,3793.435604,12,0,0,119.1720886,194.3124084,3,1
4550,110.2077619,82.15854469,1,0,0,0,0.002280857,405.0303867,3247.882196,1,0,0,155.746048,148.6059723,3,1
4551,110.2077619,82.15854469,8,0,41.92246883,0.22178051,0.00574851,470.5900383,3352.414603,8,0,0,163.1421661,177.7127075,3,1
4640,110.2077619,82.15854469,25,2,96.24990384,0.153999846,0.299905489,102.7866354,2030.872288,25,0,0,101.3915176,659.2548218,3,1
4641,110.2077619,82.15854469,1,0,230.8632403,0.369381184,0.029645192,253.9344262,2838.384789,1,0,0,141.2028046,403.460968,3,1
4646,110.2077619,82.15854469,17,1,20.71622616,0.033145962,0.003516274,284.5448196,3297.475713,17,0,0,127.7153168,48.66309738,3,1
4647,110.2077619,82.15854469,3,0,35.89511285,0.057432181,0.001500046,591.9953757,3506.842998,3,0,0,141.1689148,26.2594223,3,1
4648,110.2077619,82.15854469,30,2,32.67535338,0.052280565,0.000841517,831.2708333,4496.18694,30,0,0,142.1564026,61.46022034,3,1
4649,110.2077619,82.15854469,23,3,45.22940439,0.072367047,0.003165452,423.2297921,3663.521406,23,0,0,127.521225,133.9477234,3,1
4651,110.2077619,82.15854469,12,2,0,0,0.015725433,483.02443,3355.361875,12,0,0,129.0514526,77.74812317,3,1
4744,110.2077619,82.15854469,9,2,61.88616243,0.09901786,0.017339076,514.8107477,3708.219115,9,0,0,134.7045135,156.2974854,3,1
4748,110.2077619,82.15854469,1,2,50.51248906,0.080819982,0.009377728,349.7071759,2259.039784,1,0,0,125.2466888,47.95493317,3,1
4752,110.2077619,82.15854469,2,1,20.51389086,0.033889645,0.001363456,624.42891,3888.263043,2,0,0,150.1000977,73.52232361,3,1
4754,110.2077619,82.15854469,1,0,0,0,0.003245716,442.816092,2870.683587,1,0,0,206.8982697,75.71015167,3,1